75,1600,Million paper data throughout foot free north old treatment general network individual say college here admit popular,1,2003-11-14 16:35:49,55
95,800,Likely nearly car pretty less final decade case pattern room moment wife much standard card race charge all any bar,5,1998-07-16 16:45:06,142
12,1437,Test appear general green heart at avoid health recognize ball technology activity explain human perform well,3,1974-10-23 11:26:24,192
11,1479,Enough matter send low green cost six several federal charge pull article yes picture air commercial who great road candidate about time,1,2011-05-13 03:28:35,116
91,318,Budget billion worry water mouth factor catch tell practice view public true stay artist religious remain,1,1995-01-08 08:59:31,443
28,1957,Enough carry away say of nor among simply billion major machine gas eat grow either allow safe rate,4,1981-10-23 10:26:16,19
48,232,Buy others huge team visit particularly condition market kind five wind similar remember similar true new size laugh ever significant nice sit section above seek special black,4,1978-01-21 04:17:01,60
67,1610,Might thank available red discuss should for close staff thank would will four common act two cause themselves,5,2004-03-23 23:59:54,140
32,189,World purpose property believe off so ball marriage democratic first choose science organization realize say,5,1980-06-08 19:33:36,67
29,304,Floor phone Mr service art quality stock again agency can fine prove party go anything step scene four continue central truth born generation chair statement,2,1990-01-30 20:48:09,307
17,1022,Reason authority small allow keep add have especially fight later event mention nice some war bag deal over economy back cold,1,2008-12-08 04:33:17,243
30,67,Draw son share evening service consider provide note else picture prove color activity against set beyond ok together technology,2,2022-12-03 15:59:26,481
94,1181,Sport half deal military window catch past country usually action prevent old tax main interest stay effect generation treat prove according matter,4,1975-01-14 16:55:56,162
65,238,Our its large list front where employee field even apply employee second decision he boy degree history similar rise star fast,5,2000-06-27 00:38:31,307
2,637,Bad shake quickly charge executive night recent nature relationship name physical wish treatment short program article idea now compare career hundred democratic rate road,2,1979-07-17 03:02:31,341
25,744,Between be public fight magazine organization energy throughout discussion trial large we,5,2021-10-12 10:38:26,448
30,600,Step matter reveal direction bad dinner they impact provide claim significant son report idea draw edge simply before relationship myself be smile project,1,1975-09-24 16:43:40,156
82,779,Admit seat popular control believe Democrat administration benefit two drop could class store day discussion school make than would charge together identify,2,1982-02-19 07:18:19,343
48,377,Until including bank page least beat hard truth real push dinner order commercial continue assume night town able build involve character put church most art key production for,4,1993-06-30 01:59:52,48
72,1890,Game clear push so other quickly point item camera table this section hold though husband structure why your save sit even senior surface technology table particularly skill,4,1982-07-25 04:22:34,25
5,242,Yeah money guy watch unit Mrs door measure kid certain paper behavior past environmental great woman see painting nearly never mother,5,1995-01-12 17:34:38,28
28,967,Rule arrive already each doctor letter watch group state nor cause these language fund level daughter reason ability take past answer physical unit,2,2022-05-16 04:46:40,190
23,752,Well and society beautiful mission behavior want history standard course couple teach this represent though trial,3,1972-06-27 13:19:07,69
25,961,Either ball agreement sea world heavy college society game expert door their pressure reason though job offer piece thing energy our major whom reduce,1,1975-11-24 10:46:23,31
94,782,Occur indicate arrive thus situation put I ball environment hour letter much much range they Congress experience trial phone different up state as strong,5,1985-07-02 13:06:06,473
53,96,Level board game pull power him game guess mouth deal hotel along order final lead practice as six campaign either kid expect,5,1976-10-03 04:21:40,235
11,16,Explain wife ok check than after kid involve friend thing memory under anyone occur general,3,1978-06-27 14:46:51,361
55,1787,Stop buy wear if computer picture story anything laugh walk special of,2,2015-08-16 11:58:17,112
1,814,Writer go entire provide computer charge head bag form ability level ability then certain current strong glass relationship although level everyone compare gas either follow carry,4,2019-02-20 21:03:45,166
77,1066,Rest radio stand size early middle teach table evidence activity himself country reach thought improve statement help her clearly design radio car,3,2015-11-12 16:58:07,89
90,1794,Million choose hear law subject ability physical unit save trouble particularly majority building claim model believe piece house,5,1993-08-02 16:38:23,19
88,1161,Reality wear even suddenly have development goal wind door wait with whose quality soldier others voice floor system trial of Congress many,1,1985-12-26 08:42:06,429
71,1186,Court whatever much view list reduce road forward avoid hair none yes those drive election bit she amount world reflect happy surface reason,3,2019-06-11 20:41:27,452
83,1266,Same second one record door during feel wall around indeed keep statement rich,3,2024-02-13 13:15:31,226
85,1453,American condition president police remember movie necessary president she nearly turn brother everyone decision management seven throughout discussion notice they someone ever defense,2,2010-09-17 13:03:15,403
21,151,Page their boy weight law whose run bill then thank wrong board several power hold forward,1,1998-06-12 06:08:22,233
95,1027,Computer huge another far election situation find pay talk head century local sister prepare than building bag life occur direction old community,4,2010-03-11 11:01:57,385
38,554,Fire on concern hour month stand then occur help beyond instead seek morning interesting media year continue,5,1988-09-24 09:49:27,239
74,494,Rock spend relate game your oil race decide control toward leave improve off including see food fly science attorney today,5,1980-02-12 12:03:41,21
73,1548,Travel series factor benefit which support suggest easy approach operation threat site wall western exist college themselves citizen ago whether major chance hand eat mission young suggest,2,2002-02-18 13:04:17,440
44,537,Nothing include score month student like wear wide mouth than watch wear choice strong along would see art trial car rise information recent lawyer,3,1973-05-23 02:18:43,167
1,1149,Behavior black history tough not sometimes president democratic agreement seven challenge remain rich woman consider husband claim without already eye blood to during issue,5,1983-05-05 10:00:50,2
66,587,Debate wife until positive station score commercial shoulder rate assume special trip discover second fine relationship,5,2020-12-27 07:28:32,356
30,616,Nor minute act training pass go local relationship far sister life six recent contain than there think moment general pretty final claim,3,1981-07-12 14:04:13,209
84,299,Resource me later water receive rather world represent poor want special article trade know ball at poor enter card phone my woman,4,1970-11-23 19:07:41,338
89,1431,Blood account most information green statement more good notice relate operation item black hard cultural director tend never it professor population boy simple,5,1994-08-03 01:52:25,2
24,717,Describe pattern sit government turn could skin poor east during together fill likely least simple product option generation now,4,2010-02-25 22:35:07,18
2,605,Specific ground later wish political trip nearly summer weight particularly several southern,1,2004-01-10 11:34:59,8
75,920,Seek appear despite because head system entire project read town many indicate team risk step risk personal,1,1993-01-15 13:55:35,14
16,944,Strong attack paper clearly religious time discussion argue leave let ahead appear service themselves popular such give very board war investment finally building many ball often,4,2004-03-24 00:50:28,361
6,1680,Expect dinner suggest live gas week age hold firm exactly behind church option institution yard product,2,1972-04-15 19:00:23,297
90,927,Ten sure bit Mr guy price red couple start situation task yard later where region wish player phone listen at eight treatment claim cup,4,1977-12-19 16:44:38,122
55,743,Just behavior almost nation note risk major day card turn plan thought adult face difference audience then no away ability you past,3,2005-06-14 02:21:00,31
69,1995,Sell type image side road another prevent traditional wind include music growth minute,1,1998-06-09 12:42:07,295
61,1471,Idea training people near bed strong simple about smile child draw money off pressure leader professor no or,2,1979-06-05 07:16:42,86
23,668,They leader require behind green market program others memory free cup sell something,2,1986-02-02 05:20:46,394
19,313,Be send close dinner arm newspaper point one pick upon room democratic result she authority entire,4,2021-03-29 02:25:09,137
24,35,Also tree raise official allow live message meet risk indicate institution possible data above check week southern various area central month three scientist may outside agency expect time,3,1995-05-31 06:40:20,122
47,1181,Military that decide experience say so team boy social billion officer generation good,3,1992-12-19 15:53:40,291
71,696,Box key fact home people mind whom quite poor make large themselves others medical surface food should time send result there professional democratic store able,4,1981-06-22 18:45:49,138
97,1956,Ask bank know training child course reduce either few early year piece large company figure yard indeed despite approach not development,4,2011-03-01 10:39:45,354
80,1021,Front never view building nearly spring prove push after our month add assume agree yeah at discuss company analysis deep whom responsibility visit summer,5,1982-03-09 16:51:34,425
8,972,Official several miss player how lawyer point could develop without through young prevent most skill property happy,3,2014-02-26 07:50:39,471
56,139,Property evening research yes moment energy open finish whose or college bill key fast someone hair second money,2,1991-04-28 02:33:49,195
91,1038,Any ability especially effort investment understand energy protect environmental yard hard model central stand different site music purpose attack late us,3,2012-03-16 14:32:59,9
6,1707,Send maybe strong leave pull gas add challenge chair event any information red,2,2010-12-17 22:17:54,92
56,1250,End career impact exist necessary commercial once onto into strong discussion end according another week now two particularly face their pull leg cold,4,2009-06-10 07:41:02,402
74,135,Serious dinner better just situation choice shoulder as similar remember such society,4,1972-03-21 09:50:41,459
77,1337,Condition doctor service out rather wear future day worry eat teacher society key result,2,1986-08-17 20:45:59,229
84,848,Decade live voice special machine development that rather western race however artist interview social piece keep laugh meet,3,2001-01-02 09:51:25,168
20,715,Well article mouth leader see small can enter skill future could child my subject model,2,1973-06-11 12:23:50,50
64,1836,Possible fine book read fear suggest grow choose strong list agreement major,5,1982-11-25 07:20:28,143
85,1162,Direction base idea public time maintain live see important crime television book rather,1,2015-10-18 13:13:49,103
56,141,Wall investment safe particularly plant statement wish position hear former material woman treatment risk third current collection tree food serious amount success scene,1,2015-11-21 14:55:42,411
30,1975,Score strategy rather instead under seat young ten day wall technology training others quickly consumer,2,2014-01-01 17:20:14,202
28,33,Help world material hope similar example oil the energy teacher social set court soldier will clearly help station man guy teach,2,1987-03-08 07:49:04,274
55,1782,Computer couple dog success week back arm lose baby plant exactly hear impact culture two candidate source if,3,1982-07-11 13:25:31,16
14,1788,Compare thus thing music what reflect four board guy little simply lot yes try sell site set the blue there girl enough way usually decision,1,1993-09-04 05:14:22,335
36,1951,Example sell book whatever worry gas room sell so reach manage day nothing believe environment box color many force effect sense,5,1985-06-11 07:20:17,465
43,942,Meeting law more hit nation nor position southern buy travel range interview woman material,2,2021-03-19 00:32:58,205
67,1556,Hear stuff exist side series out strong quite act social people feeling international however attack physical care do region share itself according,4,2016-07-04 23:27:24,361
68,1728,Somebody range air listen recognize oil kind will administration wear radio the contain us carry would result able mind offer mean want give,1,2010-01-30 20:32:40,57
41,1945,Wait away heart admit who that guess rock leg manager per west understand key budget game south various three toward set catch article model,1,1988-09-09 05:42:18,460
18,1680,Explain attorney measure group against special course live back Mrs rather maybe should read,5,1978-11-02 14:09:45,264
4,1315,Direction recognize rule who any life artist eight state audience should three become,5,1970-03-23 03:00:05,100
82,1902,From card level car occur focus teach center low increase participant recognize message computer technology tell,4,1976-12-04 07:17:32,293
48,1272,Forget turn however production eat answer born learn various field join item various conference still appear agreement ball describe piece conference industry hospital suffer treat low,2,2022-11-09 07:16:59,42
17,621,Career follow manage enjoy subject note child just because artist social new voice,3,1972-09-13 12:45:42,138
4,1158,Since same tough resource give cut almost capital mean along claim later century piece contain after piece news arm certainly act,3,2019-10-26 02:20:33,330
40,1767,With figure Congress recognize several bring itself high particularly sport single partner professor spring magazine real their today people rich,4,1990-09-26 03:26:42,215
13,67,Piece film than Democrat want factor above kitchen alone control book bed off leave two attention rule debate word bring recognize deal husband election only commercial social,1,2019-05-29 10:42:39,213
90,661,Move feeling actually senior career common town break project energy determine newspaper,2,1998-01-20 06:13:29,24
33,149,Minute anything interesting talk concern heart team chance picture want office operation work discuss really around table stay personal your hit usually foreign reflect military,5,1982-07-25 15:41:52,259
52,1419,Dream happy street successful note foot crime fall compare impact probably growth,3,2023-05-20 20:55:35,242
64,1663,Raise trial west middle prevent nothing common property even cold our summer red exactly against will appear enjoy impact have film read result eight,3,1996-03-02 01:47:14,292
71,372,Understand if coach single lose job develop ever computer medical at guess would,4,1979-09-14 17:24:18,321
99,109,Successful dinner identify reflect sell up sign water light similar for forget card change social at letter read decide wear summer herself message,2,1997-12-26 22:41:19,156
33,447,System wish wind change out federal argue buy cup realize world situation respond job girl price war would fear,5,1994-10-08 09:41:03,91
76,1404,Personal popular debate our sort matter fast study education theory yourself player until increase old police story college behind man agreement big red,1,1986-05-27 21:29:57,153
28,867,Never fear early contain especially father face full memory study across situation true,5,1970-04-02 08:57:48,459
70,599,Determine baby this seek official know fast site next administration whose phone brother create yard good few fly,1,2020-02-28 22:13:43,108
58,990,Energy choose little garden Mr should score appear quickly color data attention very fast edge important type mouth daughter think series,4,1993-10-26 01:45:45,75
87,361,Less area life wall either street rule describe two month note heart boy doctor kitchen wear couple might day,5,1989-01-04 15:07:45,396
65,1954,Amount measure physical unit mouth a recognize these evidence everybody agent animal draw lot over once ground bill so,2,1996-05-19 20:47:07,478
61,1686,Source maintain live across use degree structure approach agency goal whose structure more force country later hour should here conference,3,2020-02-09 01:50:13,131
72,1914,Class kitchen specific society eye computer news painting Republican Congress rather each food give magazine let perhaps truth,3,2012-01-07 17:08:41,10
61,855,Issue full office Mrs apply agency everybody too bank interesting marriage memory remember hospital sister thank sometimes firm price,4,2021-12-29 13:11:17,202
28,328,Bed more girl exist music who finish land your analysis move teach fast decision,5,1986-03-20 02:40:14,129
34,180,Bring film of good again computer movie consider account a direction floor guess listen century know every if population do room rise pull you toward detail identify,5,1984-05-15 18:40:44,426
52,1009,While perhaps trial by ahead day author value tree deep each local continue,3,1972-10-21 02:11:25,148
7,1952,Base open guess lose actually investment recently again newspaper nor husband appear born police,1,2000-02-02 19:16:27,262
27,1938,Candidate focus order main financial might decision down run right impact test court leg everyone bed federal believe week total fight,2,1993-05-22 12:10:15,478
95,1395,Tough meeting experience natural unit throughout run station speech girl form ask recently leader growth lot father book buy contain term organization street off thing,3,2002-12-25 09:53:13,195
51,1950,Particularly green most must five per myself possible player big theory police head fast agreement bad throughout modern despite admit table various force easy mouth include,4,1989-10-03 05:25:26,4
16,1481,How age middle office hard onto road change degree lose say spend thank among western every stuff policy war then officer these bring very first piece,1,2013-01-19 01:01:25,120
29,1924,Over against reduce over man direction memory onto however others though close road three,4,2001-09-21 20:31:06,397
20,1730,Phone provide own though page claim social school series fight born daughter wind least morning treatment skill history something,3,1999-08-10 05:22:48,106
71,903,Board left military customer be identify draw avoid staff sure director cause left leave worker law billion he tell hit field organization ever act matter seek,5,1995-03-21 14:14:49,107
80,1222,Certain any population father born car wall discussion company kid administration feeling,1,1988-06-22 13:50:35,27
35,1331,Great force hour believe those away chance son recent total article bring school what practice choose out base role court occur body,4,2019-12-24 20:08:28,227
19,610,Market deal popular writer none long better discussion day common rate necessary authority great maybe experience avoid school,1,2012-04-06 10:40:48,455
74,1788,Paper half standard part claim option expect very shoulder remain when example send foreign enter,1,1977-04-12 12:34:17,320
78,631,Think several agent together over lawyer value management ten want pull professional whether meeting no fall,5,1977-01-30 08:02:00,260
59,1593,Only force base help what small reach hard doctor reach doctor personal my start occur finally course my end,2,1987-05-16 15:30:47,359
88,1076,Which everyone war scene wish where crime somebody simple house why fund beautiful program Congress that recognize base above explain opportunity financial turn,4,1973-09-09 13:38:30,390
64,1173,Style mean bag issue least me career just be top way color industry physical event public phone speak provide majority another tree any clear worry yard model,5,1982-12-18 01:08:55,498
9,680,Compare include center message player officer actually carry bring fire understand want,3,1998-06-07 12:09:49,435
8,1824,Improve letter movement year military discussion throw material around change end factor which individual eat yet watch staff to president record again force read site,2,2007-04-19 07:50:33,475
68,1775,Remain show account on difference movie pattern laugh share part smile test part article view,1,2005-03-22 09:26:13,374
53,1912,Game college food report development gas property wonder well particular meeting sister situation,4,1984-06-24 21:51:23,435
16,381,Card question better me paper alone make we too water evidence each weight remain thousand those past set Congress already work goal,2,1977-12-23 08:26:25,481
76,231,Out agree professional really size with maintain ok rock first between bit these low century subject notice letter understand important hope situation enter,1,2000-08-15 00:19:38,59
68,987,Every hit way happy both activity response ahead major tough million cut manage man market step western theory discussion,1,1978-02-08 07:56:14,143
81,1521,Easy fly side step crime decide teach common tell indeed system now figure half power certain quality fly standard red surface arm compare,5,1999-10-17 10:51:06,220
37,1076,Avoid entire show us report look inside Republican away scientist art whom pay table little,5,1981-03-12 15:12:37,68
30,705,Far last difference doctor again great surface success institution mission others determine quickly significant argue reflect economic painting reduce far prepare show throughout upon your democratic,4,1974-02-08 09:13:18,294
40,113,Five enjoy good produce southern if somebody Congress their artist modern number onto painting spend ready few management receive garden,5,1977-02-03 15:51:42,205
99,1976,Training we every environmental bed pressure strong whether between leave work order drug describe most industry sit among let bar billion daughter light drug table government decide,1,2012-06-30 23:10:19,47
43,1811,Likely home instead big movement turn theory scientist buy really word note country perhaps start individual mother computer whether recently story cut across begin,1,1979-01-06 00:40:24,145
25,544,Remember amount film owner listen along lay experience or network spring performance authority board tax network but friend unit war actually,2,1982-02-21 20:13:27,95
51,70,Organization trouble fire American floor require relationship kind stock project attack south,5,1986-05-28 11:05:20,147
80,1151,Pressure decade agree item move individual quickly father station role defense cup,5,2019-11-25 07:42:58,311
86,1243,National institution still whatever artist be true strategy production believe country after me move before feeling few direction lay,2,2013-07-19 16:58:27,163
65,89,Happen cover very general stuff involve class training ever also blood early defense may,5,1991-08-24 14:41:11,29
85,779,Very student eye present son include challenge second brother yet rise car member stand give life side generation staff thing approach expert forward perform,2,1995-05-22 11:16:02,22
70,630,Keep sing amount control certain born wall poor hold market end little know player,5,1978-04-06 17:00:33,165
4,656,Us development year carry simple experience region subject program us full to middle establish fund strategy loss possible suddenly risk vote tell each charge community establish,1,2007-04-24 06:43:18,320
99,1350,Ten traditional gun item change purpose sort service American skill save he teach message can series its listen start word end source item,5,1975-08-28 22:41:50,290
58,1078,Share leader out term hundred continue because measure shake office father deal girl language board call sea draw,2,1995-09-23 15:39:22,411
28,950,Although add live street form base later opportunity save another medical stage order sign remain less close really,5,1998-11-08 20:16:58,299
4,922,Pull government nature strong health job former product teacher author beat what theory owner than project career campaign look with expect old teacher,1,2021-04-16 17:37:25,454
76,117,Pay take boy give nearly time watch medical name happen play most pass quality grow else two prove political address let watch,2,1987-12-30 00:27:59,140
14,697,Population Congress eight serve threat measure likely fund production unit last south happen,4,1980-02-04 02:47:56,113
91,1068,Step pull discover scientist world hand sound court level itself process everybody as black social seven possible more next business opportunity decade safe stock value safe student door,5,1982-07-05 05:01:51,45
6,1221,Information range job hair result cause price never media include debate rather simply until know voice trip,4,2001-01-28 05:25:59,64
39,102,Federal deal soldier scene success condition population sure grow walk despite decide effect control sense hit main industry tell picture,1,2023-12-17 12:27:20,120
84,1702,You enter get senior stop step page woman fire family customer purpose across father meeting structure edge social class article coach shoulder carry,4,2004-05-04 11:03:27,467
83,1719,Call item outside goal our stock here say argue family hand happen point yes a line person be read hour join,5,1972-08-15 06:49:26,370
99,1984,Late cultural spring positive city hour study how material store treatment agent here near college fund anything television attorney blue both measure,3,1973-05-07 19:18:21,114
10,861,Local attack challenge itself anything if law exist rule certainly last various guess yet fast keep,3,2017-09-08 10:51:13,383
6,1959,Thank movie table skill evidence indicate so could site it commercial recently food building seven begin whom bar,3,1985-05-14 00:46:36,223
49,1247,Nation project foreign kid soldier plant group act yourself still measure speak,3,1993-07-08 14:44:07,86
64,933,Drop while reach store century crime open explain hot then choice administration local thank analysis even practice culture fly save happy take win miss,3,2010-07-08 14:17:12,173
37,1651,Site body full bit strong almost pressure sell away I force side claim just assume power start popular cost both,5,1986-09-12 07:17:55,57
77,1555,Discuss strategy man nation tough score along huge base trip item painting upon outside customer Democrat quality thousand provide animal then old,4,2011-03-25 19:32:06,270
67,1286,Article report personal road traditional control policy seven nature very art role fire always read their,4,1978-01-23 10:37:50,103
46,1670,People hot analysis box try training season fear method create admit whom finally usually easy ever,5,2023-03-03 13:28:45,210
28,835,Language politics despite field former clearly recent woman similar bring work medical,4,2020-11-24 16:14:37,330
11,822,Probably toward a sister clear everyone center money author mind including newspaper create drop bad within now,2,2006-02-20 19:19:25,56
38,1694,Behavior scientist bar hold police away the grow sea others national according especially it week child board develop oil toward anyone room building significant different your everybody little,2,1997-10-17 02:44:18,416
15,1059,Run bring join traditional view decision morning organization sing music necessary team kitchen sound really team cause peace second indicate,3,1970-07-31 02:34:44,55
56,1842,Fill real idea sign almost quality garden heart week their teach impact represent theory group place school nature,5,1994-06-04 12:50:09,366
71,1086,Future somebody current she suddenly interview early pick happy even suddenly difference,1,2001-11-07 03:20:00,136
74,484,Later campaign citizen daughter health so expert open stuff since ok main finally range heavy radio appear thank perform see us site father,4,2009-06-12 12:47:26,350
43,1300,Education door sport skill else because level him citizen white someone play eight cell report degree leave leader or example leave capital central front,5,1999-11-30 01:32:01,403
96,299,Week lay wait young those police whatever forget sing imagine under Republican note sort admit receive cut still,3,1981-08-25 21:03:22,332
93,1225,Also sort see himself or finally small alone conference ground cup lay once grow can with still suggest term enter kind actually market poor industry go just,1,2005-11-28 00:40:14,150
1,784,Debate including short good people range purpose reason four laugh together degree day almost several capital worry know ability lay rather continue act alone state over poor,2,2023-04-18 14:13:20,180
96,267,Condition now fish wall represent general example sense church myself town nearly front few policy voice business,5,1979-02-11 23:18:28,174
43,957,Bill candidate culture scientist major surface case law each force little meeting point local space interesting year later station across least red name reveal class shoulder,4,2003-02-08 02:06:43,270
68,1601,Authority top until phone pass them employee onto character could sea simply offer,4,1976-07-27 00:39:26,489
83,256,Break project wife have whole join but most prove whom act despite energy clear while red entire finish tell knowledge nothing film amount much can pull among,3,1989-09-13 08:27:05,240
10,1121,Four others evening teach early task magazine service doctor so name base day,2,1980-03-20 04:27:14,428
42,792,Pick stay clear what now minute me ball trip arrive soldier song thousand we,1,1970-04-17 11:34:06,403
44,928,Guy would about believe save same sea peace result article interest effect thing offer son build indicate total,5,2016-01-04 05:28:00,430
64,1236,Effort stay avoid economic piece skill personal big no try rise keep teacher term free himself fish bad would,5,1972-10-24 06:24:28,355
34,1602,South media painting hit these population outside best door campaign election let force teacher less future according,1,1979-05-25 11:38:49,228
16,64,Sister might represent once pay buy book western name born almost theory live report ten machine important,5,2011-10-25 01:41:55,463
69,1350,Next everyone grow level send tend step class compare child hear wonder sport director scientist just news chair,4,1992-01-11 00:41:13,309
59,1856,Second air entire key often data man individual pressure animal theory tonight especially admit seven radio watch item clearly majority commercial report into message,2,1976-01-25 00:08:09,133
88,1567,Drug future build want brother near nothing arrive where actually management defense firm occur friend call partner person upon subject toward leg animal physical tax might,4,2014-05-18 02:57:24,113
1,556,Car than season western prove detail project Democrat different open around do who walk,3,1972-07-11 02:17:04,494
65,1075,After politics believe born speak wind customer condition dinner realize us policy sport dark way significant through network lose listen everything hit design either,4,1998-02-26 22:49:55,234
66,249,Imagine alone yard either far administration them company value drug home baby,3,2008-07-16 13:38:06,250
54,655,Improve possible know class if decision quality environment but drop process why evidence research front meeting three cover camera happen recognize avoid economic so thus side environment little,5,1991-02-09 00:49:27,266
10,335,Be think record program together when performance race least soldier building attention day star send lose important usually today sort dinner research,3,2008-06-10 06:47:31,363
73,1191,I area book specific reduce meeting read collection interest health news likely member indicate their early player film able outside mission end foreign,2,2013-05-10 22:39:40,61
48,1716,Race Republican social control deep everything deal radio ask scene compare soon throughout help figure,1,1980-09-13 03:55:20,292
78,745,Some near audience weight box region behavior job half rather but toward energy yeah wide increase anything building,3,1972-06-11 08:20:07,231
79,1296,Try become sound matter remain six analysis fast actually person loss doctor form let article gun,3,1989-11-14 06:16:03,201
54,993,Also high usually move yard employee artist operation keep current not standard possible practice must three difference instead mean service student none,2,2012-01-03 06:43:04,126
40,1078,Read Mrs fear fast red hot city market relationship evening show together star single may report such option surface mean her simple environmental to most place,1,1998-10-27 07:55:02,316
57,1139,Rate child arm color day figure office happy small administration any himself plant thus eat relationship best,5,1991-07-04 19:55:17,94
82,647,Medical report out letter walk who figure ground yet raise power late their south teach color choose,2,2013-09-25 09:19:48,439
88,833,Measure include subject moment yet less owner student father ability life ground your sure production husband voice design table more together either skill myself fast two performance,4,1993-02-18 06:30:47,471
25,773,Action general event paper paper message nothing morning cost part change court executive,5,1983-04-17 18:05:20,61
41,78,Gun lay risk serious cold face question task finally expect foot agreement to dinner half whom account travel everybody rather offer month,2,1978-05-29 18:15:10,260
5,1848,Exactly cold side learn return accept identify laugh cold professor yourself child air space job real together allow dark,1,2002-11-29 01:22:10,468
46,145,Throughout me major itself painting range between go billion Mrs every act bed whatever then part yeah story among act draw certainly per he,1,1982-09-16 16:44:15,1
14,1632,Interview car attorney property charge final throw effect mother when by us everybody laugh level mention my game audience,1,1986-12-28 09:35:25,161
26,1432,Detail woman food manager effect later interesting why compare discuss fall power success out officer,3,1970-08-23 22:49:59,381
30,91,Surface wide like order federal generation wide generation middle or sport left fast will me letter administration decade,1,1987-03-15 22:36:42,466
69,1165,Despite important table sit yeah military keep think wish suffer risk offer significant serious soldier serious bag daughter onto loss song Mr will plant a president read,3,1982-12-01 12:59:39,342
6,895,Simple short throughout pattern total party provide beautiful alone wife treatment threat region,2,1982-03-19 11:12:54,362
7,1847,A free father foreign job direction color right according plant though build suffer Mrs answer American behavior,4,1984-05-25 22:15:09,1
30,643,Various industry partner Mr read anything book particular authority but board bed decade culture morning improve grow themselves rich alone adult ground,1,1988-03-27 12:12:32,275
29,1620,Get three help throw provide herself wonder compare citizen bad trade send debate school Mrs television suffer two wrong city among choice ahead force it today stock,4,1971-08-25 15:53:34,327
36,828,Family use computer ability energy stage my reach plant out couple change yourself line side about around morning treatment whole send choice under,5,1999-12-24 12:30:33,358
94,201,You movie series rate upon fight son have everybody body above rich charge day serve,2,1988-05-28 02:33:58,427
28,958,Page maybe simply surface include economy attack who cultural arrive recently goal single again friend vote imagine discussion within north side edge interview also,1,2012-03-20 20:09:48,107
24,183,Care music yes market name leave offer explain hospital write manager left believe outside,3,1971-02-24 23:53:41,372
3,1764,Without serve fight still tell admit war water have worker fish marriage building source,3,2003-04-15 20:01:56,63
63,1398,Read police protect your voice lay degree board result image go might me conference smile woman modern might finish address trial number,1,2020-05-21 09:26:04,53
80,1384,Best resource strategy woman camera couple kind fast close sell debate specific yeah program us sing but huge experience,2,2008-11-15 06:54:34,340
79,1593,Into hit expect take scene site clear bring nor best poor direction tonight measure minute hotel drive every appear soon example soldier else,4,2019-12-08 14:07:57,353
77,1133,Sister girl pull degree deal rest perform these talk myself politics serve girl real particular training agreement week heart for increase give assume,4,2020-05-27 20:36:28,366
54,1045,Skin eye eat middle upon explain reason anything third part owner year with material,1,1974-03-14 19:31:51,435
21,1869,They soldier land phone nor trouble administration sport audience subject amount side usually talk type executive structure shoulder if give total,3,1976-05-05 21:31:14,485
47,1684,Minute coach participant second practice discover subject address it these travel past cut employee force week,2,2017-01-16 08:12:17,127
70,612,Stage pattern story necessary throughout make reduce film this event act country ability nation at cell positive purpose only seem list at as lot technology sister,3,2020-08-27 17:06:34,384
47,1252,Over knowledge cover add affect sure impact seek born none tell book budget place word effort play determine thought space front foreign increase direction research benefit community,4,1985-02-06 15:51:14,313
93,1276,Story force PM voice toward theory there talk possible price affect energy charge fast allow,5,1974-05-24 07:42:29,498
79,501,Paper police arrive per thing anyone tough rule him bag fund single,5,1979-11-22 03:54:52,72
48,770,Item security environmental smile car gas help we half local add manager father,3,2020-01-31 09:26:00,242
66,38,Black herself with offer couple amount rise above though miss technology team bed every father have energy get strong best police,5,2021-06-23 01:36:09,133
6,1944,Federal very imagine lose single short return everyone affect true month she experience game site senior responsibility common morning trial,2,2001-01-04 20:46:19,206
61,405,Less student worry sister fight appear whole after continue too between beautiful check yourself attention student cause beyond,1,1999-06-18 19:30:54,29
20,749,Crime on vote age vote notice do than building compare agency issue debate shoulder far even whose bit,5,2010-06-14 04:35:21,37
7,232,Democratic democratic crime policy teacher dog true different father week far whether ok lawyer identify task add some thousand seat program music successful voice half challenge,5,1985-09-18 13:19:43,44
33,148,Position field wind else eat reach modern help probably spring yes part add rule tell cover performance special good chair single particularly myself bill trip bed night almost,1,2005-01-13 05:30:15,225
58,1301,Significant force sea current team control role cultural power rate movie value question ball rest data unit,1,1970-07-16 09:42:56,259
94,1195,Enter media pick both senior product year lose right at attack course,3,1976-04-25 13:12:32,8
53,994,She church white rather interview benefit such finish article nice at above environmental Mrs production strong past car fine structure plant heavy community condition school,3,2012-07-08 20:14:33,192
22,441,Else our already subject party give common control carry let chance laugh station key action event science the never,3,2010-12-26 12:49:01,417
27,812,Else until news rate service father Mrs enough front travel while pull clear though,5,2022-12-11 23:19:33,153
64,348,Similar since along attention staff sort finally stock discussion her base avoid imagine my industry with option again collection,2,2020-09-27 13:02:42,447
79,1590,Appear interest cup community while decision number base out best hair fall clear continue film second big rate fill remain forget cost magazine professor not movement,2,2023-02-02 05:35:33,183
30,1116,Establish agent attack even like concern indeed example under news light him tonight treat whether only best course change evening vote push by wish entire Republican,1,2007-08-31 17:25:57,122
9,243,Senior wrong individual color guy head stock price improve scene draw ten certainly not,3,1993-08-07 17:32:35,141
23,70,Exist art fast bad bill your like happen poor lay score last national people much fire network forget father,1,1991-09-04 21:36:48,407
6,1070,Guy management identify its military man so argue opportunity tax much ready green write meeting see somebody skill board,3,1992-07-09 15:49:37,269
86,1044,High type help local different positive nor design lose might let seem send factor,2,2003-01-08 21:38:28,383
94,1966,Role because leave five democratic listen true page ground Republican traditional house explain shoulder,2,1976-05-10 13:25:52,132
87,1123,Store financial staff be daughter owner police break day opportunity teach start scientist view discuss night,2,2010-06-28 09:35:20,235
87,1481,Small understand present return religious once situation focus record fish once grow lot specific,5,1997-10-31 07:18:25,298
63,427,Government student low where tax rich image control radio card heavy low fast apply rate physical support so market wonder get change include,4,2018-05-31 19:49:10,195
56,476,Hit power future single kind difficult herself newspaper difference would camera both present which,2,1995-02-17 09:42:51,454
43,322,Per bed create what us over keep debate close purpose man painting during law share future camera development executive listen data red change section in,4,2008-02-16 19:39:31,245
49,631,Affect stand upon religious shake human probably well per part manage either low fear page simply,2,2006-05-13 23:10:23,149
17,1017,After institution change author lose worker learn say itself wish central can blue because close operation building social coach leg you think world new new relate,5,1974-07-17 00:13:49,325
15,1750,High month and fund city buy they more sport the worker project tree cut wish defense ok meeting partner present five,5,2009-11-04 08:37:25,292
64,183,Party here Congress which sell mind point beyond kind memory board positive,1,2017-06-22 19:49:52,14
91,1739,Ball like wife choice fish various cause through sport majority purpose use fear century home at purpose our big purpose financial who despite near brother important,3,2003-07-25 02:15:59,473
40,1940,Ok also or heart home my state strong sit eight carry pass tend nor as skill herself commercial believe memory concern administration between cover,1,1981-04-23 04:52:20,394
56,382,Sit something fight certainly sing family bank authority including similar still senior third director him on town trial bill human skin customer bit,2,1986-11-12 18:36:54,63
32,585,Structure build out sort just remain service control two mention health tough market call anyone put show garden which really involve dinner charge consumer,1,1992-06-14 18:28:02,492
31,1324,Relate fine former meet majority young military spring truth card no wait all mention eat high gas compare bring factor expect power toward work personal,4,2013-06-02 13:10:54,202
1,1945,International agent national see process read phone mind while trip writer help market college prevent social ten race,4,1971-05-04 23:36:35,342
87,1619,Food early operation serious want apply around production matter newspaper above high standard least agent,5,2020-01-28 17:08:05,241
58,550,Cost friend back play painting north base show four movie young make financial water huge,4,2020-10-24 18:30:50,241
55,1676,Affect lose owner play impact history piece population drop social need make should voice structure land only short attack society,3,2011-05-27 11:10:02,4
76,178,Bit seat in summer need Republican program leave once want recent where beyond parent day she,3,1996-05-27 07:01:51,493
89,365,Moment coach win learn process question base market reason research personal accept interesting crime side girl,3,2019-03-07 04:16:26,461
78,1238,Kid attorney sign low current blue business rule read PM side their form in north size attack both,4,1977-04-11 11:57:14,396
87,1312,Wife as hospital order sure main speak too if she body three line evening else community media consumer fine century better do play same,2,1979-08-24 14:47:00,51
53,1658,Start heart so poor happy must face community increase professor last travel marriage woman fear shoulder whatever when threat consumer available raise,4,1971-03-19 00:48:08,37
54,1276,Available beautiful back discussion behind service current bad win opportunity difference camera but possible begin executive analysis what prepare great dream vote bit million,3,2020-08-16 17:10:24,390
6,1673,Matter avoid wind pass expect since move person world fly law store admit Republican hot,4,2000-07-14 10:28:18,495
83,985,Concern probably happy trouble wrong maybe easy opportunity unit almost pretty push work figure response increase majority if game television work generation,5,1976-12-05 12:56:49,15
12,1289,Continue yard pick source determine continue poor voice describe piece adult fine last most after end around sing job finish chair get,3,2007-11-01 18:31:09,277
37,750,Shoulder worry else his early open daughter debate kitchen possible development price talk find charge such prove fly wonder mother mouth win,2,1975-01-19 14:16:35,168
99,1269,Participant study rule commercial spend attorney save office thought recognize myself special different read gun all media check thought so wife difference interesting marriage really growth,3,2000-06-07 19:29:48,410
21,202,Discuss list suffer structure any feeling TV finish something front too idea sure wind bad high save base while one nothing,1,2022-10-09 12:48:21,184
90,904,Statement drop deal daughter raise contain know small or site exist community about local support practice myself choice memory list him consumer start four oil contain citizen,5,2015-04-19 13:20:32,314
77,168,Question true two attention half ok name police her nor dinner that notice measure chair early pattern win evening successful but without every main,5,1996-04-06 07:22:20,106
64,249,Skill agree late reduce war among generation five everything more try right sell address world hard build money everyone situation into still itself wind when safe,1,1972-05-17 15:10:24,170
31,1549,Measure later paper provide easy hope yes dinner large mission age tax sing important increase suggest create partner then leg discuss either ever heavy open beat pay,4,2001-09-04 20:57:15,12
68,1715,Improve analysis yard usually yourself who property explain picture young pull to drop hear knowledge often structure follow special hope shake decide share draw painting,5,2010-12-10 01:48:25,310
20,739,Phone challenge knowledge recent call them real take seem wish former top ever hard product sometimes media politics,2,1993-12-14 04:34:05,83
24,445,Without travel bag outside section such lose out protect remember store effort both attention training reflect room tonight design campaign help glass political,1,1987-06-02 07:15:22,397
56,719,Remain prove provide cultural score fact food find learn window piece bed good risk late majority want how room marriage arrive,2,2002-05-13 20:22:46,465
11,243,Professor wait full good despite party right central far its interview development world agreement hospital green,5,1988-04-24 21:31:04,247
89,1894,Cup compare remain glass major election opportunity class candidate data me real eye especially station protect sell sea church base mother,4,1994-11-11 20:04:37,413
28,62,Major majority learn population again huge doctor politics look center occur treat avoid else successful huge,1,1972-11-19 12:27:29,254
42,24,Into fire southern seat authority quality test police per appear wish nation report vote reduce admit half sure the walk high travel,1,2002-01-07 06:36:23,340
82,405,Expert hold grow career onto decision work close star science analysis price simple far try safe standard successful save present,1,2021-02-13 10:23:12,13
41,1971,Today report people bill act add professional cup today middle not land against interest last charge wonder especially raise suffer president simple,4,1978-08-14 01:05:07,485
87,988,Grow nor eat cup current whose be main raise conference agency age spring consumer concern,3,1991-03-22 13:45:58,121
50,89,Total language development military floor blue until property story true agent policy consider too anything make individual I yourself college,4,2019-08-24 20:58:22,59
81,1209,Others evening event account thousand day way get four trouble police education population head turn from minute finally student safe matter by early,1,2018-11-09 11:23:28,337
43,1427,Few easy development whom go shake instead sense hotel order both power hotel of first meet until expect north work him modern lay try key,4,1999-11-28 23:43:07,310
85,98,Relationship point carry power hospital scientist natural college they bag far crime whom general look pattern nor whatever green good,5,2016-01-04 17:10:39,401
67,0,Mean enjoy yes east him live tax push project as be TV admit accept,3,2010-12-17 21:59:15,232
16,256,Discover fact population figure skill tell sure dark mother until late major scientist tell last their white current mind,3,2022-12-30 17:55:43,215
7,1157,Happen we fill heavy writer order let blue stuff a either lead clearly purpose culture follow individual goal high debate smile enjoy maintain,3,2001-02-12 16:17:39,198
47,595,In entire billion know their wear determine claim deal need fall music benefit writer,1,2023-07-24 06:06:17,141
19,1462,Exactly coach establish huge part rate establish move job move health listen sister matter,2,1997-12-08 01:45:00,331
54,1088,Bank do book everything evening skin treat alone realize around whether main say film feeling leave into work oil national idea,4,2021-01-21 00:57:11,175
43,1889,Red beautiful dream require maybe power west build they size society night surface left feel,2,2015-02-18 00:35:31,327
9,1604,One war dream respond chair control night son blue father into kid participant yes security,1,1994-08-26 18:53:20,331
37,1710,Forget box tend stuff age people raise might small risk color push medical somebody late month end must,2,2022-01-09 08:44:52,188
14,1133,Property low wear language child improve it bank speech politics stay campaign woman food population gas,1,1985-03-16 04:22:04,342
25,655,Five science glass method of movement specific thus window per quickly today,2,2012-02-28 02:56:10,43
44,1546,Week phone skin less card realize success customer case include kitchen meet pull page employee pattern determine sell total into relate medical despite,1,1996-05-31 19:02:53,490
44,793,Tell tell push newspaper rule mention nearly contain consider office country appear range stand inside since marriage,1,1973-08-18 16:48:16,310
85,508,Ability hospital at decide line morning show family ask media more in response energy next chance,2,2012-01-28 15:12:06,419
47,94,Ten around argue choice stand describe perform enjoy raise own finish accept reduce,4,1972-05-23 14:43:14,346
58,1625,Forward tree identify fast stuff conference loss tonight plant home apply population wrong force program,1,2020-03-08 17:28:27,2
85,1186,Rock support young around send mother relate hospital agree hold poor partner hundred ago,1,2023-05-21 08:36:46,195
68,1253,Cut seek crime that raise listen environment no partner skill between as wish maintain believe boy should deal force dark tough body fly agree apply individual training,5,1973-01-28 18:58:00,60
31,1824,Character edge court one capital hundred significant such record listen able take change ok new just wall,1,1986-09-13 13:45:52,135
69,1928,Read per without bed safe hand strong news support not easy once around eye movement,4,2015-02-26 13:00:57,151
13,861,Partner star claim early beat yes machine write image food condition direction sign value result purpose important development those mission effect try,3,1996-10-14 12:13:17,484
69,1220,Pick continue represent week trip certain author such friend close large move bit season true Mr sign until adult,4,2023-10-18 14:13:35,58
82,941,Him onto example bit old let information strategy hear them rule piece simply campaign life technology,2,1978-01-25 17:12:58,391
75,1143,Just take picture purpose small son and tax past huge knowledge affect management seem realize world partner herself several seven tax consumer wear fall second pretty today,2,2013-11-19 22:49:36,200
96,1844,Seven drug Congress unit certain in know also activity true avoid drive understand indicate project goal career fight turn hospital build simple weight upon debate,5,2014-02-05 03:58:50,131
67,29,Any attention store keep across day college this argue investment sit although deal write resource north partner week ability toward eat major then material half,5,2012-01-08 14:58:56,379
60,449,Nearly project drive answer bill score put son century appear various strategy reality arm full,5,1992-08-24 08:22:46,315
97,968,Fast training again usually fire offer blue speak world expert end do,1,2003-07-25 15:55:10,197
46,1511,Hour write top bar here huge kind enjoy industry house professional find traditional several billion food adult behind social because material music husband,3,2010-07-08 04:45:48,482
43,1038,Find herself cut yeah certain his sing answer office through type early religious them within significant space,3,2006-09-16 18:15:08,130
9,1072,Event heavy choice why fine court area price result through business attack turn back voice possible clearly like size development time matter style create body,5,2013-10-13 10:06:17,481
46,1835,We simple happen weight paper song stand rock sometimes determine wife mouth since get west provide daughter after around inside century about window major,5,2002-07-22 20:04:36,163
80,237,Include body walk campaign always level page director tonight red Republican these recently daughter week break own couple agency include group eight level available another easy task individual,3,2018-06-16 20:01:59,176
36,322,Chance improve cover none yourself development white subject computer member political everyone seat worker degree something tend rate hear improve take mission,2,1970-06-03 20:53:18,241
7,1186,Imagine game daughter address professor smile building they decide yard detail those old health,1,2023-08-06 11:36:30,167
78,480,Type risk couple rich reduce but team true which rate age build indicate her magazine weight thus usually worker unit each catch should possible car middle feeling,2,1985-04-28 08:33:34,243
40,1653,Wear majority lot production look worry case six during benefit door type condition present,2,1987-06-09 17:11:12,354
81,1840,Mr behavior discuss like the player allow stand knowledge growth find war space,3,1975-07-27 18:27:13,150
78,1796,Subject nothing special player pay themselves watch star surface team machine deal not campaign local identify meet across view score prove body ten development,2,2021-10-01 12:50:11,171
15,1656,Conference across contain standard rather focus southern kind they particular voice good happen let market newspaper move,4,1985-09-07 14:30:13,167
64,1210,Push quality role wear five where huge particularly least region idea pay sure paper up hope action happy only little through eye hundred,5,2011-10-19 14:03:24,398
6,157,Rest increase financial produce join painting become claim school stuff medical according before finish lay often would little surface quality garden fire more itself test go other,4,2006-02-09 02:42:23,436
67,1587,Would watch light area hold evening difficult book player six garden bank indicate most could control relate staff lose watch camera eight spring visit it group fact,4,1988-07-01 23:36:45,499
55,1585,Source accept something color subject north hundred run contain a here guy around cup,1,2003-08-11 17:08:39,247
86,790,Probably protect structure nice provide best much on bring voice purpose itself meeting police reveal job tonight hand billion blue tax run try,4,1999-12-31 22:46:08,240
65,1380,Down area much he daughter explain day skill scene expert church up husband difference concern financial cold worker focus debate ability continue shake smile near,5,2023-04-28 12:41:13,291
69,484,Forget question fall explain across front yet wear report these those vote benefit chance term purpose last including believe race local recent ball have,3,2012-11-29 16:03:29,16
67,272,Such standard stage among response recently shoulder interview within certainly concern per will buy travel history station risk officer side,4,1974-07-18 00:15:20,356
9,1292,Hold middle risk nothing than manager something expect baby serve region imagine owner north production,5,2020-02-04 20:19:44,423
93,53,Effect must star they red door same fine wrong I discuss early decide her although sport thousand executive property window within industry than exactly,5,2006-12-11 18:57:51,297
76,136,Thought sister much information lose talk alone yet skill environmental impact office cold station image situation everyone wrong imagine indeed,3,1983-12-23 21:39:55,432
63,528,Assume film person long level stage Mr develop stop hold capital day next price high whole get want soon product interest city here stage,1,1994-02-11 08:52:59,438
22,390,Show order project must necessary across give push rather offer address side case camera evidence husband anything themselves turn pass change brother,4,2008-02-21 08:16:01,191
46,1318,Ask before century pressure any not politics agent room quickly generation rock,5,1999-01-09 23:08:36,208
73,1671,Population Republican natural low less million soon billion scientist money eye thing both face new glass all soon audience product kind he property cost,4,2018-02-09 18:48:26,198
34,1340,Agreement commercial we paper individual science wrong effort our phone social effort after in factor industry new more since message world must establish happy,5,1976-07-02 00:35:17,176
0,97,Card contain exist hospital low expert politics sister board last style performance sense country next interest maybe certainly feel,5,1975-09-13 05:27:57,5
14,1391,Pull you major possible fish foreign seat break part range since single sister size deal minute among bar vote more American guess,4,1972-06-29 05:20:41,474
12,184,Rise among sing leg quickly fear set make guy age choose expect off somebody best wide move relate huge far boy ten listen the where ever,5,1998-06-28 08:11:23,110
61,919,Focus life TV herself look represent safe garden evening reflect strategy tax sing step work color,4,1977-04-09 10:36:03,109
42,390,Point cover positive difficult teacher guy morning wait us know floor throughout nice perform,3,1996-02-23 17:39:01,488
12,58,Carry outside manage painting green nature reason smile artist majority management because,5,2020-08-29 14:30:34,100
10,1922,Peace own adult arrive example total doctor mind back population for account high place describe what also debate,3,1976-10-29 04:57:31,193
48,142,Start training research strong radio mean crime word bank blue course thousand strategy kitchen sort black look maybe space kind,1,1970-06-21 23:47:49,151
97,1775,Challenge company heavy marriage American data color item front participant able factor customer hotel involve dream design put smile take woman over yet question feeling imagine carry,3,1970-06-01 13:49:45,214
77,811,Hour radio especially writer free maintain he now throughout middle generation nice likely too away alone follow to piece,4,2020-08-01 16:20:27,406
63,1841,Long will push town nature past wish source article interest week shoulder picture better star believe road drive staff late in,2,1985-11-15 08:07:45,270
14,1279,Free middle call everyone child enough sound seem total month bank just most project create character measure,3,2007-10-10 06:47:07,268
69,1067,Nothing important mission base organization baby both wrong become how others feeling finish sure join protect research organization lawyer add performance brother common,5,1989-10-29 04:48:58,184
85,328,Politics still wonder share probably officer game find Republican response as avoid budget manage decide word there machine save forward because whole finish only,5,2020-09-24 00:12:46,286
24,713,Buy work it director once night argue still population level result something alone plant rock interesting thus shake,3,2011-07-15 17:42:31,249
54,517,Degree cell person nation participant southern day employee similar politics consumer relationship each word tree understand at real section sister other,4,2023-03-28 06:43:57,39
97,1488,War purpose security level class husband throw now office discuss material determine truth there,3,1991-10-24 09:28:30,115
15,435,Decide care to executive medical kind serious around owner adult run ground improve church carry always itself four,4,1982-02-09 17:02:30,352
99,1765,Arm professional thus help both wear join project night middle exactly step,1,2005-10-14 10:34:10,191
63,193,Indicate occur we short yet technology public never receive business third figure mind help paper western all gas next product party southern east why matter field have,5,2001-01-23 14:20:36,24
35,1731,Everybody laugh build society shake sense none be sing myself international past those always create find result occur house now,1,1970-06-06 18:00:42,10
34,1456,Turn why month south pattern road reality rest by unit dog day ten a window guy conference sell stage heart quality lawyer property central factor natural,3,1997-04-15 07:01:15,200
97,1186,Watch entire past nice fast week theory say I teach church across report force concern couple most another movement forget against company respond,1,2021-01-26 15:14:55,54
64,644,Congress everything like value serious word enough nearly material soon serve serious with sure represent act easy performance end network security force reach hold position but significant,4,2006-08-20 11:44:03,345
48,1143,Agent serve high direction without beautiful top parent strong political line decade still,3,2003-02-28 21:42:54,289
48,433,Offer what help attorney more sort seek white environmental charge talk ago would crime local,5,1984-08-29 07:38:48,27
22,1114,Eat TV minute contain I will miss sign specific market five within pass money big ready before as stock significant cup truth within,2,2019-04-12 03:01:27,316
68,1073,Way film look any will media feel concern into us recently vote call lawyer pressure fact keep section,2,1987-08-15 16:33:45,278
81,1937,Ten cold family throughout article two step present partner fire always identify big wait forget interest special doctor ok ready artist admit local north toward,5,1996-01-23 19:54:46,404
55,1605,Thought available today build call participant way site word wrong race heart sister religious class one level expect arrive,5,2014-01-20 20:34:17,420
59,1176,Right again north commercial behavior board herself always student energy year place per television trouble speech possible operation law voice perhaps then moment down then send control,5,2001-12-27 02:53:15,401
33,183,Writer hope subject my last show cost run determine town candidate pay animal relate company appear author fund rather person model film,4,1990-10-11 09:37:56,132
61,342,Water into box prevent bed indicate without when though he agency now mouth decade,4,1996-07-27 04:44:28,339
16,1028,Care always theory left outside fish value who politics identify reach often,2,2000-07-14 21:26:25,380
42,346,Knowledge the look because nation record late and difficult guy last yet quite view tend either player scientist a involve move class,5,1999-12-13 07:46:43,69
60,145,Attack industry seem notice institution raise perform center along across small four tonight dream score much about north same almost,4,1977-12-14 03:45:10,8
59,1290,Throughout single response may office heart apply speech religious action another maybe same successful audience history they listen business brother none,3,1990-03-28 13:18:12,24
93,1550,Determine here establish than west still today measure staff relationship simply health policy training establish deep save education society inside camera think stand crime dark quite so,3,2011-05-19 10:53:21,33
87,1764,Sense politics institution toward certainly wear into animal that section hair southern eat surface land surface example candidate bag idea spend believe throughout break final stock occur,2,2001-05-22 06:52:54,212
78,576,Teacher its represent less form society take alone wind difference west wall policy perform game treatment trouble you participant environment large,3,2012-07-23 17:25:18,184
98,552,Student report debate audience occur soon professional whole station gas situation under environment scene happy,2,2012-01-30 09:02:08,272
62,1486,Front alone tell anything clearly price nice value TV identify marriage church if usually play edge show poor movie identify ten office,1,2022-12-25 05:45:23,142
6,5,Also sometimes easy series contain hundred five others key southern per month price agreement shoulder beat nation same safe million blood item fish seek moment,4,2021-09-19 08:24:06,359
82,1019,Upon pick particular lead husband plan page fine grow or law view stand successful trial where matter city fund expect state recent,5,2008-01-30 06:03:16,347
5,1533,Social seem almost police report second too different worry material certainly off news including wish herself myself message maintain election party,1,1994-12-08 18:11:59,364
40,746,Seek customer south education stock imagine marriage evidence owner allow partner thank mother now to agent consider hour traditional candidate professor sell section might,5,1983-10-09 11:36:19,71
71,556,Collection step good successful such learn final local foreign never feel church social choice decade trial election far admit to whether as pressure memory message development,5,2015-01-14 16:10:26,176
45,287,Huge blue significant party he what area child color information chance attorney task,3,2005-03-20 13:03:56,384
79,1765,Suffer entire around prove second wait traditional form book major American enjoy fight but Republican them senior draw sound would door for site direction federal letter,3,2012-12-17 03:08:51,143
61,1954,Music process woman deal whatever moment situation situation well hospital cold what thank arm bring beyond,2,2017-03-28 01:41:09,449
56,901,Especially though well professional keep success four chair true cold do buy six box matter measure the anyone between,3,2018-03-24 12:03:29,270
13,1684,Along all policy unit hear matter right often crime herself guess free now movie common discuss theory way put together early baby,3,1973-02-14 23:05:15,215
76,774,Mrs part onto example purpose lawyer mean upon need resource machine also contain small Mr Republican performance home consider authority general right strategy local resource,3,2007-09-21 21:00:45,371
31,593,Process board decision since story defense money several Democrat ever beyond career show event box from ground nature key produce speak member,5,1991-06-23 14:47:50,274
88,386,Door magazine with military improve may enter themselves hundred receive factor week save window attention candidate vote though lot environmental firm bar ask industry cold over,4,1991-09-16 16:56:15,332
59,99,Family town public whose believe high bed expert technology address some well degree term sea financial avoid sign treatment not change responsibility talk food,4,1995-10-11 22:38:31,419
96,765,Capital town begin charge break law prepare fear include security almost side now guy,1,2004-05-21 19:10:39,312
100,6,Health recognize involve daughter eat about field project treat list character recently street camera same safe vote one nature glass imagine individual attention which,1,1975-10-09 21:07:59,220
100,1823,Site collection in close hard fight quality plant she technology resource former again hair assume represent example must technology plant benefit crime sort feel parent,4,2000-01-07 07:08:24,82
100,429,Court organization garden worry seven lead participant hold avoid in realize billion movement child gas sound,2,2017-10-15 20:54:46,235
100,479,Food school mouth firm industry case federal process old religious travel concern gas difficult in method final company sport study reflect year public beat third site black,4,1989-06-23 05:01:59,350
100,1244,Media visit full event finish be which animal guy real wife amount water manage include pretty,4,1976-06-21 02:58:51,462
100,1881,Letter house south more old indicate effort body win change figure plan professor inside themselves,2,2010-02-27 23:00:32,197
100,1998,Board firm movie always century like information never black song provide require down behavior speak character maybe man interest approach interesting,3,1991-12-30 00:26:18,358
100,976,All oil phone play husband for product continue identify marriage commercial single writer letter change miss,2,2012-09-12 20:01:11,69
100,985,Only rock dark finally two soon determine against face authority before lead once animal every tough must image task thus,3,2018-06-05 03:43:30,46
100,238,Maybe try everyone someone believe lot market environmental early relationship himself dream message shoulder time hour bag wrong technology staff example successful,4,2010-01-25 22:59:00,329
100,1750,Seem score back suffer might movement six believe food she unit forward anything during happen,4,2018-01-29 06:08:41,280
100,940,And in month raise five both within southern nothing phone police also,3,1980-09-01 18:19:49,470
100,1337,When fast how information player property would magazine consumer development person unit result kind citizen factor high story administration watch policy task,4,1991-06-26 16:26:37,199
100,1546,Fight fall wrong PM cell boy matter save direction fall democratic six growth behind animal around wish then analysis let administration,4,1995-03-01 00:54:38,334
