"85","87","Baby let piece true whatever particularly grow through small join second bad appear maintain","2","1972-04-18 06:08:28","471"
"72","66","Education will reveal much push who start blood who actually argue among change research which become lose","4","2004-07-31 17:52:20","173"
"48","22","He song accept open election recent human major life parent difficult any car term he rest","4","2003-01-17 23:14:02","189"
"47","7","Much see yet situation research indicate total opportunity form vote program exactly future institution billion statement quite song recently worker answer","3","1970-07-04 13:21:34","137"
"74","29","Meeting minute item bad good their suggest whom black affect on service officer heart new summer even amount particular option point fight political school past raise","1","1979-02-07 09:31:28","137"
"45","22","Manage send only space forget book drop type western whole thus child manager song","1","2000-05-25 16:17:53","191"
"72","25","Buy thus sort stop final level really magazine dream usually note stop some move myself there girl determine","5","1976-06-25 07:16:23","307"
"43","36","Economy may crime job appear white grow provide require option put military thing","4","2003-02-12 14:52:25","245"
"6","31","Blood meet put ever special best sell true concern second hour easy","5","1985-07-19 06:47:09","420"
"89","87","Little the project stuff stage carry ten section wind structure where hundred always big join measure animal ready sell help task describe air seat better population staff","1","1973-06-21 06:18:56","429"
"90","5","Fine wonder property play economic figure political hand something serve share major gun story standard trade friend base","1","2016-09-27 08:41:22","301"
"74","53","Pattern none citizen suffer make result husband popular just do nation firm would employee","3","2003-05-31 11:48:23","452"
"68","3","Know across performance factor bill model audience picture enter return thought politics degree believe create natural bank also let also although soldier land dark","1","2017-07-31 01:00:27","396"
"90","23","Teach put policy significant more field with able act analysis each scientist figure happen","2","1987-07-29 10:36:09","232"
"39","97","Table of under hair find hospital off sit store allow fall respond month answer owner but feel model meeting likely employee professional free establish leave","4","1981-02-10 22:27:06","418"
"39","60","Office describe century close off the determine follow edge four water international nice outside former as current single give bring store stage information learn","5","2014-09-07 23:21:39","242"
"44","85","Section finally why certainly ahead forget shake situation detail forward agency stand southern film establish be their build force each attorney rest turn less tax campaign yard","1","1970-12-12 12:27:46","270"
"94","10","First trouble decade appear capital message light benefit television nor force car travel field record quite","5","1992-10-01 16:05:31","476"
"15","39","Way wrong once each possible feel our economy production training month organization task write bank put score thought professional number relationship card let rule","1","2004-01-20 19:21:22","467"
"14","34","First color decide tell agree religious say page road option good during","1","2010-01-13 22:43:59","359"
"73","65","Watch trouble bill market land couple ground remain safe tree lead area participant claim bar nearly soon yard can seven news treat health","2","2018-10-02 15:26:32","195"
"33","23","Will receive top buy character once school remember political laugh cut civil standard over capital","2","1992-11-21 11:17:49","287"
"56","93","Fight ready enough different example story discussion authority agent forward pass indeed under","2","1982-06-12 04:49:38","473"
"61","24","Oil fine old kitchen defense I buy whole away truth focus billion newspaper expect rate happy majority experience","5","1993-05-13 06:45:57","286"
"23","46","Current pull say reason stock pretty member same way check bad name end relationship professor compare than clearly miss sister catch game appear crime along","5","1971-02-01 20:07:54","353"
"79","74","Similar treatment many beautiful ahead opportunity rest body quite sister billion reveal yard former international mother book expect put arm language contain drop board over","1","1970-07-08 21:21:59","498"
"87","32","Minute director friend trouble view rise four amount conference soldier person since into after","2","1998-01-17 11:14:26","146"
"8","77","Meet then series information charge friend seem throughout stop have despite spend will","5","1976-11-20 04:14:30","128"
"91","69","Information before vote military us cut no game go partner appear ok dinner conference small after draw nature","5","2006-02-25 14:25:17","282"
"13","81","Star now foot surface town require relationship look shake charge enjoy figure left answer personal management raise area myself build director spend catch open","5","2011-03-10 17:22:35","170"
"61","89","Capital space station reveal large director mind door box whole option director","1","2007-08-08 04:15:36","344"
"66","55","Head write process beyond friend security including issue beat need hit economy safe body including even decision reduce best campaign least country American choose better","2","1970-09-24 06:04:17","336"
"17","98","Catch identify money use few anyone follow understand subject bag specific over their thank imagine along oil","1","1986-01-15 02:12:37","500"
"80","72","Vote see subject rule cover billion group note people degree contain go seven list animal difficult firm bar matter free audience foot produce century","4","2002-08-27 06:42:47","485"
"94","7","Me partner specific space hotel cold contain make character stuff hotel what us look traditional operation however offer gas improve yard nation whose movie lot almost","5","1980-02-17 21:23:38","120"
"52","10","Ten property never risk rich herself special sound too little try everybody try four born enter state model better plan pressure choice write money view","3","1984-05-25 07:15:22","107"
"67","99","Product clear arm present edge scientist seat employee foot movie follow start drug","4","2022-04-23 09:46:27","208"
"37","93","Deep cost where situation marriage look area next different his environmental social over black relationship believe modern have after","4","1987-11-13 02:51:57","423"
"15","88","Perhaps for building whole move food effect data say politics line material safe traditional when capital sea however truth provide ask leader risk","5","2011-04-11 19:58:50","260"
"36","95","Police quality although environment explain weight difficult seven actually thought act step argue price long of student culture","4","2019-12-18 21:25:32","34"
"53","17","Interest realize sit employee beautiful sign understand base official great watch even camera mother goal hot agree magazine specific","4","2023-04-06 00:51:51","224"
"64","40","Husband southern serious girl control key determine professional practice discussion school theory scene design next age cultural return parent","2","1997-11-10 17:35:16","114"
"60","30","Simple able point might same purpose run key style be today evidence either seek","2","2010-04-10 18:38:25","111"
"3","69","Minute decision call light soon remember class since maintain sense throw until age campaign PM","3","1979-12-17 03:27:00","366"
"96","16","People better may difference might operation dark have science pay important admit real condition inside yet","1","2014-03-27 07:54:59","82"
"97","37","On film source season short unit more however determine explain executive place break but many break girl be blue face ago","4","1989-12-26 10:41:46","95"
"52","29","Above him example win program majority set back they fly customer rich human wish price gun listen democratic light after teacher who stock bag Republican few sit","1","2010-06-28 08:37:12","268"
"60","86","One continue night we sing establish former big leave current dog high purpose special affect article check per","2","1984-07-25 14:16:26","51"
"46","76","Support yeah the often animal will contain present group discuss recent something","5","1997-04-18 21:06:45","332"
"51","76","Push me which team I determine environment star claim fear different plant table smile medical garden receive answer","5","1975-05-31 23:03:47","69"
"7","66","Employee his arm develop garden interest go size can meet sometimes blue mother weight","2","1997-04-26 03:52:51","262"
"94","31","Staff hard specific face forget board not long head focus its can star despite nice name nor surface worry difficult seven guess card deep grow","3","1993-12-29 17:17:02","259"
"56","77","Hour and executive expect yes season thus trade he then us choice guess past pass resource one food response I push radio","4","1990-03-26 07:17:25","240"
"32","10","Expect science rule so ahead water drug rich always necessary four number like well president from involve station be return perform nearly","2","2012-07-19 04:31:17","162"
"19","58","Investment low political inside none beautiful debate hear design whole general even investment court method on activity themselves perform","5","2009-11-30 20:21:49","224"
"8","17","Level its central person production away throughout most piece sure rather walk project country development author enjoy commercial stay job avoid of than professional discover best","4","1972-06-25 08:23:09","454"
"94","51","Ask election start morning reveal body force standard newspaper other in understand our sound ability","5","2015-08-11 04:31:09","233"
"37","91","War health western plant sit laugh serve president difficult without clearly activity baby ready right culture actually marriage big himself","5","1985-10-25 00:49:23","218"
"62","89","Economic career movement lead still class material direction hundred best prove next already source local always law leave energy skin role she agree church defense our","2","1973-12-25 18:26:00","60"
"37","73","Through system imagine name none nice key newspaper body food color she song goal care pressure take keep property lawyer Mrs which tough dog police bring","3","1989-11-19 18:10:29","181"
"91","67","Organization by produce inside trouble responsibility if sort here agreement purpose organization above anyone","3","1983-02-26 11:50:48","22"
"58","53","Road fear send law establish also travel no responsibility week free on create be because rule range culture win painting that","5","2000-06-25 17:48:21","225"
"78","44","Herself allow meet somebody hour food little anyone never increase up body push type talk anything","5","2019-04-16 23:21:01","398"
"84","61","Tell his sometimes behavior around sort end cold always president lose never today change","5","1990-01-29 02:21:57","457"
"9","18","Strategy face put majority major live few daughter teacher hear quite check various conference alone military off body learn per","2","2016-11-20 23:03:53","278"
"13","96","Safe case she face determine relationship true decade quality charge scientist area about one myself near sell new work human inside rate","2","2014-05-25 11:56:06","277"
"41","55","Bill policy world word finish family major on west suffer western small entire likely subject reality knowledge look only some last movement","5","1985-10-07 22:55:43","200"
"13","40","Try parent act machine why her coach whether staff energy put leg player marriage guy away recognize step keep green fish per open could article which try","2","2013-05-16 00:16:46","231"
"41","64","Car street others throughout president environment low quite then order house consider ever either marriage scientist surface head simple leave","5","1972-11-10 17:12:42","344"
"66","36","Yourself small sea onto road star hospital strategy foot others her analysis there phone brother will identify herself health discussion hope research stage","3","1989-04-28 04:43:36","457"
"45","11","Sense recently until free enjoy test piece the economy fly chance game sing word value","2","1983-01-12 23:38:14","5"
"10","2","General than remain age think of condition nearly detail group blood music job chair sound most environment way become company","2","2022-09-21 01:00:01","143"
"71","11","A each wish during common before then interview fast bad ask south discover officer","3","2000-04-20 06:42:57","11"
"57","84","Ahead main fear candidate beyond management suggest throughout anyone moment item up involve list necessary student","3","2000-05-07 00:18:22","212"
"46","40","Onto audience maybe factor dog all girl build describe Mr data board tree matter foot none scene out","3","1999-10-08 00:20:38","368"
"72","99","Better five whatever early remember than close with agent feel pull third ability international candidate cut spend though water culture conference become peace perhaps thing without","5","1994-11-30 19:01:06","142"
"36","84","Easy commercial fly magazine sit show include guess forget consider hospital especially sort while skin right race hour political Mr green","4","2004-05-28 23:00:50","186"
"52","54","Find shoulder near citizen article begin dinner picture continue yet professional lead feeling Mrs once require under doctor wait appear read","4","1983-04-04 05:07:27","371"
"81","93","Turn agreement fall medical anyone property anything direction maintain remember reveal reach happy wish establish writer set","3","1986-05-13 15:28:19","68"
"47","64","Someone wide spend record cost piece paper third identify focus wrong around argue","5","1976-08-27 05:35:17","164"
"80","44","Where task through energy despite cover hard audience usually kid coach where last concern have white those better bar quickly performance next instead century must there","3","1979-08-18 04:19:16","88"
"31","68","Weight would summer those person experience expect oil six property set line hotel pass bring on feel office begin political discover","5","1977-01-04 05:18:04","25"
"11","75","Why study side guess line summer finally thought indicate with group message seem campaign item resource forget my radio mother central level charge focus method particular","3","1990-11-25 20:50:52","29"
"57","76","Fast nice tax realize doctor bag institution than along keep land eight sometimes main behavior security house feel cell approach where realize teacher full","4","2011-09-04 23:57:40","282"
"70","75","Interview several including world can any dream health PM huge create himself water small task very summer success avoid appear off set remain","3","1990-09-14 04:14:24","3"
"89","97","Believe else prove follow production where better effort program book between detail detail trouble fear operation television cup","3","1977-12-11 07:54:19","476"
"6","49","Watch police whose voice firm may hold by recognize every often return here provide feel nature have company although card good sometimes week security now","4","1999-03-29 19:13:09","427"
"93","9","Someone bill international wall however blood for about activity themselves story seat present top discuss discuss decide surface I admit beyond purpose require dinner rather animal","4","1987-08-17 09:28:41","221"
"4","84","Child out hospital whether bar fill half respond off answer level less issue realize","3","1972-05-09 21:52:41","157"
"58","80","Share turn different space class be likely west prove matter short out cell","1","2021-01-26 20:32:59","454"
"60","81","Want better trouble pretty able Republican clear director anyone able mention organization though benefit marriage move show also young knowledge at career","1","2005-06-28 13:54:12","356"
"51","26","Defense decision throw partner quality spring behind theory people level down tonight development necessary music institution arrive develop red sell behind now ground two scientist win","5","1977-07-08 13:15:36","410"
"25","20","Society heavy impact value visit billion point assume behavior possible stuff usually about style floor arm who charge old situation grow your almost final question enter keep","5","1991-03-28 10:07:54","68"
"56","58","Imagine ask meeting natural end space show building old risk central customer produce hold class attack","5","2014-06-21 15:28:19","99"
"45","5","Join information team bank watch word more on it bit career relationship crime outside daughter difficult within board take anyone but business","3","1977-02-17 03:41:06","110"
"80","73","Treat read as single way at it but much force us civil design almost off course","1","2015-01-05 05:15:22","90"
"78","83","It wind meet crime actually energy senior know many the staff new to along add guy today somebody cut believe feeling stock lead note lawyer firm","5","1973-04-30 22:52:25","353"
"20","68","Information main top beat this energy safe might man media real onto marriage senior trial detail anything public professor daughter while she catch interview early yourself tend","4","1993-05-08 02:13:21","433"
"34","28","Summer per which two stand word sea yet attention institution away do growth grow likely word structure sometimes serious","4","1973-08-25 13:09:44","186"
"57","75","Body series under special cut artist college total would form theory party news whatever structure","1","2002-06-27 21:58:21","135"
"51","42","Provide eat nation social office film experience sport evening member conference he discuss production","5","2022-10-07 22:13:42","422"
"43","28","Than reveal measure whatever have beat some memory make parent decade suggest ago I group yes cost just practice never compare last fight lay film activity hand manager","4","1984-07-13 15:34:50","268"
"2","27","Senior economy medical focus ability against decade chair color something likely consumer magazine","2","2011-12-30 14:22:59","441"
"60","88","Charge forward sport reality class score decade certain radio success up art fill","4","2002-10-17 03:09:04","1"
"89","99","College clearly bring want institution four attention rock economic something realize we see machine organization lawyer hope power accept response everyone mission ago drive born","5","1990-01-14 06:11:00","35"
"76","75","Within budget phone year seven stock individual reflect hard learn ready seat address speak people hand wrong onto dream mission go each tough","5","1979-06-06 18:54:51","472"
"46","17","Area because wall cover often safe work able computer market decade itself","1","1972-09-26 21:12:03","471"
"16","93","Already term policy color couple consider same fight improve art state camera western above large dog add these around buy collection skill memory section sort recognize space","3","2019-04-08 08:24:20","145"
"25","84","Civil ahead learn professor Republican authority act down water close it together scientist without apply account role send site recent present speech board dinner social fill main","3","1989-08-16 23:27:08","315"
"46","67","Process top message per action this still without media exist camera test drug air stand computer understand degree heavy arm top participant herself hand reflect","5","1976-12-01 15:36:01","485"
"94","28","Message nice machine since thousand specific job physical forget whatever hold food simple partner leave season set sound suggest lay","3","1984-04-06 20:10:40","83"
"87","46","Blood responsibility stay media game guy school you sing technology think Congress guess pass feeling best against laugh price paper past suddenly green unit","3","1981-02-13 20:54:19","382"
"79","9","Purpose glass deep degree race stay offer assume during force approach first forget society during account","4","2015-05-16 01:36:05","84"
"56","99","Live land prevent step herself action enter commercial general commercial tree road pass more pattern space baby score financial him rest figure many nice","5","1989-02-24 18:13:44","288"
"19","99","Animal bag meeting past certain across role the college building how my develop population difference choice edge his when administration free bit PM factor arrive","5","1983-05-02 12:06:14","61"
"96","4","Open price store difficult nor film party set left pressure there door phone single quality financial total effort myself hope speak evening ok dream produce trip history","5","1994-07-26 02:24:07","308"
"17","42","Material price and agent yourself prevent improve physical artist positive scientist wonder field direction as contain action else base baby line join trade hospital my accept so","3","1983-09-21 22:02:11","175"
"40","49","After let than street toward join choice around common occur democratic she have spring market these owner","4","1991-06-23 07:11:48","51"
"22","44","Trade time operation learn small today space know use build dark top know again sister party growth me it say shoulder perhaps open girl off start","2","1970-09-12 11:13:23","190"
"1","73","Scientist until couple face quickly forward allow improve meeting sit election item option","3","1991-07-30 08:14:39","213"
"95","32","Control blue that sea herself time by yard use movie majority up make","3","2015-04-13 09:19:18","341"
"44","21","Purpose most approach view seem collection thousand picture off work season artist ability north western job fine program view each particularly offer future","1","2016-11-23 18:23:28","71"
"35","15","Would degree generation away hand way possible set bar keep better fine although trial bar item eight wind large key I far card","3","1998-01-29 17:51:30","127"
"11","21","Authority far write quite easy herself tax investment stage or spring quickly","5","2015-02-14 16:26:22","377"
"43","17","Since serious very deep different memory official raise successful art do behind drop usually back debate fire close improve","1","2000-03-19 14:00:59","453"
"50","27","Hold however memory involve street tonight let media collection whether security himself who","5","2020-03-31 09:08:01","161"
"58","36","Language determine probably many research seek increase continue maintain hospital vote amount employee community fear environmental until analysis capital above","4","2014-03-16 22:58:22","365"
"59","29","Bad art candidate response billion whom off ten southern modern approach oil discuss style issue represent doctor often","3","2014-12-19 00:42:51","261"
"15","5","House soon notice bit condition establish full however budget without address financial site foreign person him","4","2001-10-06 10:36:45","352"
"57","38","Blue bring near ten idea present tax approach full support choice visit commercial first age skin also really each government test growth yet like away model","4","1998-02-17 18:14:11","316"
"6","15","Attention turn difference center level political easy ten similar word though doctor under pattern","1","1997-08-03 01:14:46","137"
"70","67","Truth him than player project agent expect even low chair learn without big writer station member area theory agency learn nation large face standard door fire","5","2008-07-07 10:30:36","66"
"22","65","Specific yourself throughout mind response line collection enter board a while employee","1","1978-04-16 22:55:51","320"
"63","34","Notice begin majority natural reach series them young through central feeling white your avoid scientist affect course","4","1987-05-04 12:28:12","85"
"57","74","Work professor sell whom produce board difference cause believe teacher receive less catch treatment increase itself my","5","1980-12-06 06:52:54","220"
"92","79","Knowledge simple morning picture American set small always woman somebody paper bill which fish small even listen individual impact","2","1972-05-04 22:51:20","192"
"57","41","Positive million machine example news outside staff local raise much increase morning reflect their parent long environment","1","1991-06-01 20:03:14","246"
"75","96","Sing team follow do study else subject we moment professor anything turn","4","1991-06-22 03:32:42","48"
"94","26","Training measure once least sometimes military financial control mission seem just professor trade prepare third order myself investment evening senior remember rather my letter","2","1981-06-21 16:27:29","183"
"40","81","Throw simple real yet Mr sea admit form white themselves by challenge","3","1983-03-23 11:26:55","259"
"72","29","Add interesting near test part why all share show north sister reveal generation mind teacher fill","5","1997-12-16 12:27:43","233"
"45","79","Among place include worry catch shake method girl prepare friend position born not east low garden challenge service sea the according call","1","1974-07-19 01:43:43","313"
"55","69","Space single available program good throughout how beyond behavior cause far its message ask these television choice attorney sometimes writer record sense house agreement","2","1972-09-26 23:51:23","287"
"8","97","Relate school hot hour material bring light front describe sense herself that eye plant oil moment perform pay business good world indicate no according forward their station","2","1980-11-30 05:01:44","165"
"5","1","Almost single bring too spring last drug population vote often seat term world town what blood want national cell ok","4","1983-01-29 04:16:52","298"
"30","51","Trouble mind beat approach understand church know rate hard foreign enter young however continue generation","5","1995-11-09 00:34:32","144"
"90","19","War many sing family point entire theory card news price product assume imagine enter just left my some truth","4","2005-09-02 03:05:49","24"
"52","45","Suddenly according common sound available reason section about health expect full administration various again whose let respond like","2","1977-08-27 20:58:52","299"
"33","54","Floor group either north analysis despite market growth wind south type today administration future pass glass audience experience reach happen company","2","2010-10-20 10:03:54","464"
"59","81","Policy argue discussion dinner wait wait head cause again authority name often perhaps hospital continue wait claim system policy chair","2","2021-10-24 20:13:57","125"
"12","45","Machine either down but make stage suddenly what bed tree why spring service whom wonder son must health situation last charge brother up bad improve","5","2017-03-12 18:09:35","237"
"95","90","Middle Mrs among follow voice data responsibility whole candidate myself no public time activity south as rise best majority cup involve people Democrat","1","1987-04-04 07:31:04","18"
"17","17","Night join mother experience age baby year leave sport since walk himself child actually situation price someone cultural professional","5","2017-04-28 16:11:37","82"
"68","9","Pass population simply according kind development sister scientist item next establish sell arrive offer southern past church knowledge","5","1970-11-22 17:20:57","164"
"50","75","Might spend describe those letter continue politics civil production control source set hold spend former yard general nothing expect his discover likely future price support","3","1992-08-10 04:17:45","350"
"76","88","Sport threat serious few board employee conference safe trial ago picture available also true person positive after nation","3","1975-11-15 04:07:31","228"
"79","70","Whatever wall crime month mouth add significant certain name high owner against have we suggest authority plant management add democratic perhaps dark source executive hope but century","5","2002-12-22 19:52:41","256"
"77","0","Federal ask drop still somebody purpose next husband single if force history thousand today under difference even amount season bank morning civil management room","1","2013-09-02 09:02:01","336"
"37","84","Who leader show support according into look dark fear watch career clearly start face safe cut per light myself write firm main represent team yes possible science hot","1","2011-07-24 02:24:56","398"
"73","28","High increase prove line leg from item work he list beautiful after toward everyone goal","1","2018-08-06 00:49:05","379"
"41","65","Another find operation bag give one wait own keep look leader southern","1","1996-06-07 17:17:50","415"
"18","51","Why become rule several pattern allow newspaper on particularly once quite despite ability close cultural security reason year data back","3","1989-07-15 23:22:42","270"
"20","36","Agent Mrs law black environmental require another nor agency much give friend","5","1985-01-27 10:14:52","189"
"4","52","Big seven this more month strong plant weight son detail fire official reduce heavy five will bit standard","3","2002-09-06 10:57:16","137"
"44","55","Audience boy development throw interest physical accept phone subject commercial camera worry know change class professional help son minute","3","1975-02-15 14:19:15","374"
"3","59","Radio student the local toward beyond region environmental reduce new election show think discussion onto attack include professor opportunity","4","1974-11-07 18:15:49","276"
"44","97","Discover reduce image season language full group who exactly this base sometimes relationship born","4","2000-10-13 14:14:20","44"
"78","4","Church blue travel official administration husband level character radio friend service their that sell detail talk appear your","4","1978-02-11 21:25:19","260"
"5","3","Left water second dark young deal read give back perhaps point practice beat wrong defense green necessary","2","2007-08-10 08:55:46","167"
"11","1","Wall American beautiful certainly nation center five once dog business friend leg","3","1993-12-04 02:25:28","429"
"60","55","Entire easy approach whatever take put crime life site reduce into view suggest language sing similar","3","2001-03-15 13:09:00","33"
"65","35","Fight most our quality wear actually democratic sell different same market heart society member each","3","2006-04-10 11:25:33","304"
"54","70","Today around yet stock should industry relate think see begin sort use stand rule lead keep","4","2018-08-08 08:12:24","248"
"61","88","Office mention writer right beat budget him industry three past human pick likely popular support beautiful painting with recognize","4","1975-02-22 07:09:03","423"
"96","70","Product those forward would personal yeah place pay list main easy bill hour blue gun brother plan born draw free if degree site themselves way get common","2","1978-11-19 15:54:58","163"
"73","54","Arrive modern bad wide difficult beat recognize voice scene matter television check subject see now choose condition organization appear develop prevent official go","1","2014-05-10 16:35:26","310"
"77","24","Something artist hair your admit five money plant shoulder administration positive a language natural may camera drive among hour area no level","2","1984-08-10 14:59:35","21"
"13","58","Challenge three seem Mrs too manager unit other available health decision discover region stuff candidate morning indicate culture billion hear concern far attorney call according","2","2006-07-09 10:37:50","23"
"84","74","Threat ten standard manager doctor song sit ten pick operation on beyond democratic all fill right answer like age list rise bar program piece capital suddenly","2","1993-11-29 09:53:44","49"
"96","68","Continue imagine keep seat real fund member girl relate father turn good field paper worker now","3","1987-09-03 12:41:33","436"
"40","96","Table power task fall carry southern here difference society trouble far section if hold yet","2","2011-09-18 04:41:54","23"
"94","44","Study father answer painting evidence each old happy cut exactly baby dog activity six easy production probably with force couple later glass try pretty early least them","3","2019-04-05 06:46:03","44"
"41","43","Entire finish cultural executive bank table listen as this prepare all admit security hospital those Mr authority decade nice onto green executive include think public","5","2006-08-14 21:58:30","327"
"33","81","Development window get large back including option far realize site direction soldier heavy ok major represent agent star people glass general","3","2018-05-24 07:29:00","453"
"20","32","Hair enough history member final use money meet concern all American southern beautiful seem forward police election team hear thank soldier drop form she","2","2006-04-16 23:33:53","186"
"34","38","Language evidence prevent up property check total indeed among purpose race single response design create move name couple right wind business six body","5","2000-07-23 03:47:46","425"
"67","73","Thus born dream add stock sure result church themselves notice pattern race most late sea capital skin sense home economic clear cultural nation hair center","1","1981-12-16 21:48:30","84"
"87","53","Ball price stuff minute worry movement story shoulder fast less business pattern try decision","4","2002-01-07 10:19:28","371"
"31","16","Identify season team resource every difference international exist reason long with race same quality loss daughter be current increase coach quickly reason","4","1993-08-21 23:01:59","426"
"49","77","Produce my within beyond foot art plan difference push purpose student evening direction study news or able they some success market","2","1972-04-28 03:16:50","81"
"53","0","Campaign end unit any sometimes her rock according good never laugh right level left list box reality style service culture especially market","5","1992-05-28 06:48:50","107"
"4","48","War pressure brother fund organization minute upon summer one model beautiful institution type group network lay interview major song total for cause knowledge know speak single central operation","1","2017-03-09 12:40:31","248"
"52","50","Term side color stop group better consider general state attention attack or","1","1997-07-20 12:09:20","403"
"53","20","One hold whole newspaper theory learn member physical edge process as art citizen deep","1","1999-01-21 10:34:48","436"
"25","86","Nice attack continue commercial federal would staff yourself different study task lose identify head even water sort single company case perhaps value sport hear all","5","1989-12-08 23:11:36","474"
"86","9","Maybe all receive his indicate class record them scientist be wait five yet think film adult car begin factor development half wall memory leave TV network","4","1997-07-15 21:30:11","25"
"89","60","Evening indeed figure middle middle price away would seek realize push court often member head it weight growth leave kid father lead mind remain","4","1977-01-20 15:12:30","374"
"84","22","Stand never last keep project fall design operation writer current election ok garden want","5","2009-06-26 07:16:26","105"
"50","50","Something dog standard future thus catch degree again main report media coach business job great sort animal","3","2014-01-07 03:27:32","167"
"83","33","Know among town alone bill expect knowledge throughout each skin college four believe win many think drop where war race cup race","2","2011-10-13 19:26:58","258"
"6","83","Congress yes education road option benefit order source floor relationship election public serious magazine social learn house I product life hope","5","2012-10-16 05:58:18","422"
"97","56","Occur city director stay answer store almost attention among rest present garden decision professor soldier face kitchen ask these bad identify tree court them company exist read","4","1990-06-23 05:38:45","457"
"9","72","Response condition certainly involve word seem capital character I why nature with enough near Mrs measure here half leg","5","1980-11-13 13:01:31","261"
"93","71","Ok positive ago parent ready watch according step feeling for prepare kind view let simple blood hundred","1","1973-02-02 07:16:52","419"
"51","32","Development instead they large sit feel house citizen view staff past short","2","2002-06-03 18:41:44","173"
"86","50","Dark interest former perhaps measure part make read outside law off leave forget soldier detail even reflect for budget environment real kitchen wish","4","2015-05-29 12:40:00","378"
"56","86","Difficult evidence finally plant book product anyone use money benefit soon hotel job build serious such later edge from hold whether blue","2","2024-01-14 13:59:20","302"
"3","90","Fund issue customer challenge want car investment begin investment sing provide foreign under fire benefit raise natural local how lay public","4","1992-06-17 15:26:31","452"
"46","70","Part feeling many response western drug hit form crime check describe plant foreign book wrong as each exist language such law machine leader front town mind inside","4","2002-08-04 16:17:24","158"
"61","67","Year conference result land case commercial else major however song career us would local practice matter ball number six return face writer oil source store yeah","2","2017-01-22 02:58:17","221"
"88","19","Else even site clearly sure memory campaign all certain entire world she world sound thought establish seek phone program region just","1","1995-01-18 18:50:49","190"
"61","97","Particularly science matter every interesting better force best former win situation watch number answer development almost fear own involve especially say something social","4","1997-12-16 11:03:17","219"
"26","28","Future mouth house even quickly part eye history measure think system continue happy subject wonder then turn into remember","2","1999-12-06 05:22:06","193"
"60","45","National poor kid former return social edge which we upon course color ok walk report choice compare song peace","5","1998-12-11 16:14:07","435"
"76","13","Paper mission federal it just simply black expert build just through whom item kid side war economic ball plan heart thus throughout","1","1997-12-01 09:48:01","297"
"40","73","Respond serious agency note fight other happy property research garden media book let security week fly body describe worker floor single send speak yet know","5","2001-08-05 14:41:09","352"
"41","79","Rich size I town evening phone degree follow card rock movement forget lay many board however woman voice catch alone yard","1","1996-09-19 04:50:49","123"
"59","80","Cold compare later its senior cold central where job city among level six","5","2023-01-29 18:34:55","309"
"70","4","Mr same couple direction summer political door short since indicate financial consumer myself industry property world","5","1970-04-12 12:05:30","403"
"30","36","During give treat close there great easy natural morning game daughter foot high society purpose give more","2","2001-10-02 18:03:58","182"
"48","32","Congress born rich outside matter partner necessary investment effect become grow spend over each success whatever tend artist industry bed operation general young couple determine","4","2020-06-10 03:59:17","304"
"16","2","Owner activity partner speak add dream me free responsibility structure cut run six left police","4","2012-01-16 11:33:46","11"
"53","2","Quite guy six fly leave treatment democratic anyone cut sport trial step side stay walk director","1","1974-02-24 05:40:24","168"
"78","20","Focus how another coach word international raise traditional follow week method participant away southern sometimes work such method","1","2006-04-09 00:31:44","384"
"60","76","Visit where manage hold support case return simple public thousand onto cell","4","2018-04-25 22:51:19","500"
"63","44","Second house check three learn market start recognize before piece help no concern half artist offer teacher","4","1987-02-10 08:32:07","340"
"15","80","Pull nature small often mouth medical prepare eight property skill apply few go challenge anyone marriage energy great including off develop Congress I American everybody nearly if","2","2005-08-22 15:25:50","356"
"59","78","Series couple hotel none career everybody dark memory phone try raise cost","2","2004-06-22 13:59:24","493"
"52","87","Among weight a indicate option big mean give partner less their government other issue consumer face official eight","4","2012-12-01 10:05:12","496"
"51","88","Make a there maintain tonight happen candidate modern employee risk cause win heavy especially be stock discuss family subject war million huge among course","5","1998-01-20 18:00:18","163"
"24","87","Need her support yourself to thing trial open back true half respond face believe card mean whether impact yet not day responsibility","3","2001-01-31 15:45:39","469"
"20","79","Career pick goal course energy anyone perhaps threat value government big growth","1","1991-08-01 04:44:26","130"
"18","45","Close especially official forget bag up rate actually door simply business and ball that","1","2018-01-04 11:48:44","457"
"36","28","Step why professional in cut let occur evening area physical first truth sport child collection family difficult at interesting while both another staff list","2","1980-10-03 08:32:19","345"
"41","5","Red financial answer discover piece blue before by democratic blood at such size ball range from toward buy common matter","1","2019-07-27 08:21:36","104"
"15","17","Rock certain though wrong apply public form artist receive kind voice then cost particularly and forget above growth ground business fish difficult","3","2009-07-02 21:00:10","26"
"78","40","Wife world interesting stock dinner much nation catch author group identify always design authority which true idea size dark fly practice leader meeting himself argue","1","1990-05-15 16:59:21","194"
"59","42","Task Mr matter big several dream nice finish professor single anyone then pull painting education","3","1982-01-17 09:01:36","231"
"87","56","Information fight well surface impact she policy around wrong stay purpose vote source quality action ever fear nice alone generation","2","1994-06-16 09:18:59","226"
"19","28","Man send fish inside foot oil participant woman forget surface discover place discover table camera","2","1996-10-16 21:41:25","359"
"86","61","Test start down serious fill year trade message week use where arm class line allow someone debate bit business dog form above","1","1972-11-06 00:55:00","400"
"86","11","Job project explain window produce nor may child main trade war pick visit serve should soldier sing","4","2022-03-22 06:56:29","354"
"0","69","Discuss sell happen candidate either future mention then conference six I nation good participant skin as decision center such president military cold card structure bar if model","1","2020-03-07 10:13:57","439"
"94","0","History certain then today center pick economy through local late travel tough decision there these clearly knowledge reality include","4","2010-08-17 01:01:46","25"
"53","16","Somebody believe apply movement sort take bed describe including fast late lay ball pick wrong option outside tough realize outside","5","1989-12-20 00:43:33","286"
"96","96","Class smile ability ahead perform process seven everyone a mission sit discuss better speak bad","3","2000-04-11 18:22:25","253"
"63","11","Land establish thus PM involve term represent smile choose central item meet certain only any guess born easy","3","1993-03-02 06:25:56","333"
"89","29","Scene difference four I of today bed operation environment exactly none page whether improve serious","5","1972-01-30 13:19:44","92"
"96","71","Look purpose knowledge hold modern over art dinner statement result into worry mouth government","5","2005-02-05 18:50:14","283"
"60","90","Talk subject public old send since blood trouble expect democratic leave number staff","3","1995-06-11 22:22:21","424"
"19","15","Front Republican serious expect summer top require rest sell region prepare new character stock ok toward position painting remember agreement result","5","2004-06-02 22:40:11","340"
"29","20","Fear society compare professor big into push special eye give head hair reach small account full foreign against method wonder start event","5","2019-10-07 02:35:17","383"
"41","73","Computer this road citizen quality group news dark somebody marriage when hair dream might from strong development use","2","1971-10-23 00:54:07","316"
"12","90","Data central group color thought miss production way begin even see worry contain not sing get which sit attention start management meet usually style power successful amount","1","2012-05-10 09:53:12","303"
"91","55","Those character relationship skill bring mean tree she stock store remember suggest remember soldier him star voice fly see","2","2012-10-05 08:24:31","205"
"10","5","Carry guy raise against fight concern another likely need price war left structure blue people film town stay skill cell","5","1978-12-06 03:54:30","498"
"51","54","During memory way picture future now true control somebody few chair white likely various billion personal enjoy nation involve simply media method entire be","1","1973-12-16 05:58:18","380"
"14","24","Story participant receive involve people mention at cut very relationship assume field late join appear guy according","2","1978-11-03 08:12:25","415"
"55","10","Kid system trouble amount allow fast near or office finally land inside size child life approach future vote painting moment cut exactly sort scientist seek","1","1979-02-25 21:08:54","273"
"66","45","Series send experience guess feeling economy simply forward discover rather significant order teach lot central form movie marriage stage however big thus artist nearly","5","2001-01-30 13:04:53","40"
"21","83","Actually fund president finally argue camera clearly Congress power television doctor morning base voice four always prove","1","2003-05-06 15:57:13","453"
"78","88","Ahead tough prepare money city response tough your several appear society speak since just good student everyone director whose begin paper","2","2020-02-05 12:57:19","436"
"14","11","Business west help discuss thank than effort spring wife expert oil radio","1","2009-12-14 17:51:18","151"
"84","0","Scene loss keep hour agent student mention head them data work business name someone the couple practice","5","1986-11-05 20:05:41","472"
"65","71","Much method east site run source network draw computer set agent free often imagine","3","2008-03-09 14:59:37","119"
"5","67","Big husband remember those top main next suffer successful customer woman thank society available leg senior represent measure main stop notice position avoid","1","2009-01-08 03:32:39","427"
"70","12","Pass land itself which effect dark bar case type throughout place business station feel for age budget product responsibility","4","1971-10-14 02:43:48","328"
"82","99","Write whatever despite another question surface for war paper tax thus dinner vote safe again play","4","1986-06-28 21:31:26","45"
"16","95","Now oil character bad home us physical education include company rule join although even so because beat quickly","4","1985-06-03 13:38:32","0"
"35","0","Standard area history where make buy seem career force friend effect star actually reality","5","1989-03-03 04:21:55","206"
"33","1","My road bad get and such every thus suggest table upon car find threat final","3","2019-02-13 21:12:14","263"
"58","62","Report training financial international forward candidate my on green say small end himself sell loss project kid marriage camera stop manage increase usually night level","4","1975-03-21 01:18:23","192"
"34","47","Rock man test despite interview human grow case glass treat let change toward while old response group","4","2003-04-11 09:23:59","36"
"53","56","Three reason model big describe church this dream smile room myself personal hour chair include opportunity each tell","3","1972-03-07 21:16:45","73"
"84","54","Service audience according Republican throughout main billion drug past debate central rich town action serve billion various deal business evening usually most example million summer deep group","1","1974-01-08 11:43:17","165"
"84","67","Plan from value mention store medical want crime pretty rule place ball mission student issue according establish to ten","2","1996-02-21 09:39:35","110"
"48","88","Even full wind situation year down position baby eye wrong design short item laugh door quickly treatment idea everyone war usually hard window","4","2011-11-18 20:44:59","60"
"81","20","Open accept cause value meet free off commercial baby their consider official raise establish single example vote decade care chance","3","2013-10-17 03:13:21","446"
"61","41","Feel direction she now bill name concern wind old star one final people final body throughout perhaps","3","1980-12-10 14:33:11","378"
"45","59","Congress travel theory later until free center matter increase leg thought learn training","3","2020-05-10 09:33:53","481"
"48","65","Then fall chair positive should middle wait in follow sure western force dinner include seven between whole choice design born upon enjoy respond you and","4","2015-10-05 06:23:14","50"
"56","47","Most old store former fear even always easy water no weight politics that effort rest why now treat participant recognize himself agree place look bit","2","1987-10-17 08:58:25","352"
"43","2","Significant TV region rule specific unit difference could conference Mr happen stop production seven role again skin enjoy","5","1998-03-23 00:37:07","169"
"25","9","Fund next heavy program which agency parent tell the take action style","1","2020-08-01 07:15:33","175"
"78","79","Big care pick meet whose degree heart pretty responsibility top whatever phone prepare","5","1978-12-04 21:43:52","111"
"36","66","Certainly charge respond building little ten send unit sing something particular relationship figure wait anyone military system race","2","1991-05-06 12:43:55","195"
"26","21","Open popular door traditional expect beyond again history stock painting go between","3","2023-11-17 19:58:30","169"
"27","74","Also involve catch according water weight entire through tax both lot ago dinner generation write various race bar","3","1985-11-22 21:32:51","164"
"42","1","Table mouth final understand candidate security grow talk certain without far ground my take","4","2000-03-29 01:30:33","246"
"78","71","Reflect bed growth according day put turn describe class plant public best lay ok fact","2","2002-08-28 06:13:41","267"
"61","74","Cultural road threat why cost charge order ability cost notice spring their analysis north according garden tell front form away result how team happen lot success","2","2014-11-18 09:09:55","289"
"51","6","Modern history meet try each office three cultural subject moment detail thing candidate sure dog tax reflect surface tend deep industry believe girl which thousand particularly","5","1978-12-27 04:41:57","371"
"39","71","Kind yeah recently us happy language new not investment expect fly upon adult street personal choice national","5","1978-10-13 16:12:14","49"
"8","22","Which law traditional operation table should describe career full coach himself thank much view song be","4","2005-08-04 03:57:44","499"
"59","63","Meeting seek national forget rather administration one every perform indicate current picture tell note eat remember speak improve economy method","2","1984-07-16 22:13:37","316"
"86","41","Most certain national move song office American ten single financial modern their heavy rock choice occur her various machine decade according even government because tree three","4","1994-04-26 08:15:00","390"
"22","58","Lot minute include difficult against hotel media book theory radio face know bit arm with court future toward remain wide painting size we morning","3","1992-08-10 04:27:50","174"
"54","80","Hard environment school buy back event mention high own walk each mission couple teach","1","1977-06-25 07:45:54","189"
"30","29","Town guy those evidence model box bag face eat nice social computer cup father any issue","3","1978-05-23 20:45:30","482"
"71","68","That among eye may sign already arm wide guy shoulder act second also general section sort high end performance bag life by nice","2","2021-08-23 17:16:58","62"
"94","95","Cold minute customer take north effect check meeting allow boy test three three drive real rock language ahead seem require value kitchen","1","2017-04-14 17:50:37","368"
"40","89","Radio toward list go little free finally successful heavy identify himself clear take","2","1994-02-26 01:24:09","146"
"94","56","Standard him again drug crime many program charge better throw write school reflect surface item center central rock executive ability serve deep but clear","2","2006-04-19 16:50:42","262"
"14","72","Clearly measure sport manage note chance there seem include now purpose fish high yes big institution sell","5","2013-10-27 07:01:41","418"
"11","38","Federal analysis role investment meet soon ten pressure everybody human wife project take level","2","1983-01-08 02:01:26","349"
"86","88","Listen level past five look ago common buy not fine father save single interesting road western buy feeling","4","2016-01-23 15:01:59","252"
"26","0","Early service letter event lawyer establish sometimes value enter without could walk subject eight thought positive less reveal meet hospital various like ask left instead affect","3","1991-09-10 14:30:30","428"
"8","60","Leg experience include three writer myself statement use front chance station hour notice protect customer knowledge opportunity million scientist arm apply sort sign federal today argue","5","1974-05-23 15:06:32","287"
"18","77","Four state way child door yourself entire ready instead boy yeah see democratic dark sound thought expect law speak reduce discuss","4","1974-01-29 04:31:05","358"
"27","46","Thought at anyone wait give mention treat religious society effort less pressure song purpose happen cold attack event wind fly","4","2018-01-10 09:29:06","163"
"67","69","Defense may knowledge seek whose voice continue arrive say chair strategy build","3","2020-07-05 08:51:50","32"
"70","30","Into then eight begin several major fine sell while firm sing night various film name whose east less truth his collection best control guess another production money","5","1972-12-23 20:38:18","236"
"63","54","Tough full relate physical everybody season magazine of peace interview best record actually","2","1998-11-24 06:27:24","267"
"34","4","Decade risk off would save fill answer Republican rest trouble Mrs late within seat","1","1997-11-17 06:24:17","415"
"62","48","Four chance finish entire international election federal most teach thousand about red","3","2002-11-04 18:01:45","352"
"34","11","President hope force respond pick believe which teach build oil culture town skill write television loss the him capital south collection land treat","4","2015-08-03 04:40:26","460"
"50","63","Usually million evening one ask themselves term everyone girl feeling certain build day mind","3","1996-12-22 08:22:56","171"
"59","76","Will challenge military key gas owner without read seven allow interesting environmental whose seat modern her degree executive attention herself argue hold head less glass range","4","2009-05-27 04:13:34","61"
"45","51","Science watch recognize level nor finish car point measure note PM discover plan which right always improve reflect","1","1975-01-27 12:11:24","34"
"59","94","Conference offer commercial environment government her traditional record list everyone that produce well wrong teach nearly major resource let model threat go check recognize often","4","1999-06-03 20:02:30","441"
"0","71","Trial time before difficult before structure meet memory central spring in rule window grow matter else","3","2005-01-04 09:16:25","410"
"39","61","A foreign let particular include leg hundred service dinner allow other leader local company design more benefit painting expert close husband article his compare","5","1976-07-24 19:49:03","44"
"67","19","Land another bring system program would question lay program training adult technology special green character","1","2023-03-19 00:22:45","311"
"15","23","Possible expect daughter effect institution simply option prove participant collection minute size","2","2020-10-12 01:30:03","55"
"50","93","Nor another get event western various stuff senior way natural decade most partner moment travel area","1","1977-06-02 19:04:18","43"
"51","66","Always mind water other history today nation value hold home like late control herself tonight free drop never throw tonight seat act","3","1978-04-24 07:37:32","81"
"64","34","Action teacher stop a issue leg music any feeling hotel across tell make though likely know great together light opportunity go along including street enjoy which door","4","1984-04-17 14:08:52","453"
"13","22","Require character subject current risk sometimes though health point group about least community half up travel","1","2017-08-24 09:19:27","354"
"20","47","Myself media benefit interesting defense build budget choice involve behind military security common remain big radio very conference stage rule necessary despite buy us","2","2003-06-07 02:44:01","146"
"43","76","Fight run picture six reveal sit lay cold analysis style pay teacher per sea game tend old son really four race out skin","1","2002-04-12 08:25:33","24"
"32","96","Miss decide center fish condition happen class stuff option analysis would cut sort off executive maintain seven alone picture expect final","1","2018-05-25 14:10:59","282"
"18","27","Concern feel reach design citizen make reduce event Republican read authority language wall out seek stock","5","1994-11-16 13:07:42","304"
"52","16","Community maybe major these catch yes treat environment network food unit federal answer wide person skin","5","1985-03-31 03:28:51","230"
"63","23","Several prevent brother easy tree claim rise piece keep attorney future space help green speak bit into call recently style here hair area certain choice section","4","2003-09-28 07:50:18","245"
"7","79","Think thousand pick could very why development window least talk good example Mr","5","2004-11-05 10:01:20","65"
"41","8","True analysis understand thus everyone partner occur treatment late store candidate stay which recognize hot finally computer option if owner front not agency garden understand east soon","4","1983-10-12 17:13:17","110"
"23","17","Admit prevent dog administration personal cover baby phone let real financial start federal tree occur then","2","1971-03-29 03:27:24","334"
"88","9","City activity early others color receive example kind upon any sometimes expert seek international early drop there inside every age expert modern foot sister project","5","1973-05-18 03:21:27","409"
"34","70","We really hear challenge tough join during interview include draw sort common little next fact focus analysis why smile language ten history","5","1977-05-05 23:14:12","65"
"34","63","Their writer fall high debate offer crime pattern friend law ready possible important story soldier nearly land PM","4","1970-01-01 08:29:22","216"
"1","22","You at manage discussion give memory begin big investment one defense piece job long coach consider society whatever move up sit","3","1993-11-25 14:43:13","265"
"13","93","Million affect check point officer heavy college federal occur call person crime friend direction possible of score entire picture from anyone turn team","1","1994-02-14 20:29:22","7"
"99","42","Easy him skin ahead chance as like college air exist high make list","5","1985-05-16 13:22:58","345"
"35","92","About remember more describe spend newspaper bill tough accept food anything design yet order provide want power identify take president computer","3","1995-09-15 13:04:54","481"
"28","12","Worker point knowledge receive campaign bring shake month number half also fire arrive start resource price drive nothing box","4","2017-07-10 02:50:46","87"
"13","16","Personal recent save present push ability focus beat class material structure same reduce important evidence free approach","4","1971-12-01 14:02:52","73"
"45","88","Yet probably through word feeling reflect picture than better response because area leave and just","2","1983-10-28 15:43:36","295"
"73","84","Shake everybody son worry election against able claim white be nor voice make sense security member beat stage writer decide","5","2019-08-19 20:12:44","444"
"23","73","Decade learn effect two themselves already company six before security but population","5","1978-10-22 00:14:12","172"
"56","65","Seven federal ask quality current media collection season focus learn past night certain wait","5","2022-08-28 23:57:13","33"
"55","13","Sea scene government book offer send example star board arm ahead situation air already sell responsibility","5","1985-05-13 01:18:13","367"
"58","41","Little responsibility ever seem water pretty key maybe someone than visit support get full seek environmental because begin along everything","3","1972-11-03 03:57:56","130"
"8","61","Skill message describe true affect change together without ever center finally player tax adult one whose enter however then practice","1","1988-07-18 18:43:26","227"
"24","76","About ability evidence national nice each wish million fine owner send group buy follow stay citizen mother high focus remain wall child teach one","5","1978-09-16 15:51:36","319"
"48","37","Just board available red include sure lot radio form there ready environmental owner year interesting certainly girl hear source","3","1973-06-25 12:26:32","263"
"24","67","If light us head trouble argue fall know blood figure kind huge answer early happen class play open shake painting center marriage kid value","1","1977-10-23 17:16:59","281"
"37","29","Discussion me when commercial view miss much glass alone piece keep start indeed full air despite","5","2023-05-23 05:19:27","132"
"69","69","Enjoy whose evening clear effort hand per thought try treat major wind us lot participant five rate","5","1992-06-30 06:33:23","373"
"26","88","Future write couple risk cause environmental family respond position marriage major people condition Mrs us democratic still event shake maintain head spend rate place again stay shake","4","2001-06-16 01:52:32","451"
"43","84","Each force else set finish money green while yet very dinner pressure season not activity approach affect defense treatment point reach phone specific apply","2","2011-06-24 20:17:31","309"
"84","89","Bed current thank range reduce seat sign many he message suffer prove young hand","5","1975-05-01 07:51:11","110"
"65","79","Human put agree back only team recognize carry goal beat thousand wall","3","1986-03-21 13:18:15","138"
"11","14","Growth state speech sound build machine road choice pay rule evening green social bank smile manager institution have price great risk she break I","4","2021-02-19 12:53:33","396"
"46","59","Street impact field night here her computer point want investment true traditional fill over throughout probably two","5","1985-07-18 18:19:28","120"
"60","36","Either yet yourself hand management later scene yes cell heart gun suddenly later collection yet nation writer section ok effort raise yes rise general red under would","2","1996-04-30 10:27:26","235"
"44","37","Chance all later various with main money future degree customer happy air per tree","1","1987-11-19 12:05:59","415"
"14","56","Store chair about director buy term station television respond head after move people heavy occur","1","1989-04-15 19:27:24","95"
"60","58","Military mission federal question likely win happy form image a consider finally action worker behind","3","1978-09-23 18:02:02","7"
"99","38","Economic despite major cost just red maybe line material sit might wait hotel establish account member east fish second situation whether choose away when outside difference course","4","1986-03-21 03:23:58","114"
"94","4","Throughout memory will message speech table special some security each reduce successful dark news represent month professional black Republican the pretty","5","2011-06-03 23:06:18","164"
"78","67","Stay world student central fire authority soon I cut with become large agency century responsibility area body present successful meeting police industry","4","1978-06-04 15:20:11","207"
"0","73","Couple book law same player those street risk outside kind gas country at certainly down operation after body young protect country two itself animal notice get","2","1970-05-20 14:42:30","329"
"66","59","Share son list red student learn become member son member reduce probably few avoid president law believe able family hundred important professor","1","2012-09-14 16:01:49","466"
"6","67","Plan security activity end cause history someone what Mrs million never meeting statement walk","1","2020-06-18 00:30:35","210"
"11","72","Last high at fill statement read side player successful blood physical single almost organization large apply north law agreement","3","1991-02-01 18:45:20","284"
"77","33","Still someone share teacher many onto effect particular town environmental popular method Mr article black","4","2007-12-07 20:37:38","5"
"23","36","Nation civil among force maybe power start inside require remember rich attorney agree candidate responsibility TV decade figure","3","1984-11-02 08:39:22","129"
"61","39","Couple media every door notice apply response short green might site near morning staff","5","1984-04-24 02:23:56","494"
"49","15","Foot must material evidence oil student bad pretty control field than able store friend hope training buy wish return case few sell","5","2013-05-08 01:23:48","307"
"43","95","Every lose than must often behind moment late enjoy discuss window inside many whatever debate plan police","5","1997-04-16 03:48:58","308"
"18","20","Market just Congress also people arm officer add pay everybody other natural story partner social identify rest stand without thank rise close","5","1982-11-30 08:34:27","411"
"22","51","Stop best purpose management stay very job fight term play out group almost generation reveal","2","1997-05-29 13:36:54","46"
"66","8","Understand again us agreement interview must Congress indeed certain prevent force create beyond official thousand buy","5","1988-06-02 18:29:36","34"
"26","45","If than specific deal like religious outside participant participant high pay but city order activity sometimes","1","1971-06-18 12:07:10","241"
"31","26","Which necessary court work method anything term star suffer reduce area customer sister song audience his hot get court agreement employee its care without court she","1","2009-07-31 04:41:14","384"
"77","15","How deep father worker well evidence the television why heart subject agree this music who carry small them company she poor financial tell record","3","2008-08-03 00:38:17","243"
"51","61","Include seat member be stop old everybody perform book minute skin shoulder project type then those dog sure positive term station control","2","1993-04-26 06:45:24","373"
"35","6","Food everybody true man economic rise toward thing few relationship window modern buy course eye positive under couple push","3","1973-02-19 15:22:54","497"
"56","79","A camera nothing perhaps field current community else hard operation film follow thing class sure forget mother training mission generation who","1","2017-10-09 13:07:01","413"
"60","72","General school type market explain care he person mention support few attorney guy call investment can week other interest alone early level explain measure organization the","5","2004-08-08 05:18:04","219"
"52","80","Believe western degree range officer include should able race campaign scene too difference significant war challenge protect research strategy bank believe present","1","2004-03-24 13:04:02","58"
"19","30","Skin early growth movie drive order hold including let remember tonight home adult Republican successful star foreign ground land million interest name mouth few herself company collection very","2","2020-07-07 10:20:01","268"
"39","17","Often nation visit position spring officer board beautiful sea could only ten able voice gun put may outside nice nature course write","3","2008-04-02 23:11:27","176"
"14","37","Market back stop stay shoulder what lead way edge year stuff future lose manage","1","1987-04-13 03:47:35","181"
"76","71","Shoulder down seek event government should day great control choice between enter better case","3","1972-12-12 09:04:16","218"
"50","40","Factor few small race most beat just garden single person car their performance age police away prevent price worker appear provide other different throughout","5","1980-11-16 13:33:11","301"
"93","39","Particularly could leg how just five sit note real nor however since author film note more","3","2009-05-19 19:47:38","447"
"85","62","Type stand child old reflect compare voice recently both raise top understand play better though","5","1970-08-23 11:36:47","35"
"46","69","Office sport agreement PM same occur performance quite model program power career event you drug age number occur pay stock scientist interview nearly cold professional personal","4","2018-11-12 05:04:57","161"
"49","38","Strong card firm address imagine little without small opportunity American difficult read area ten song of environment ten others difficult hundred","4","2011-07-05 02:51:20","168"
"45","99","Military child maintain food beyond only usually join large expert put himself conference research her weight level network fast to writer life","4","1973-11-18 06:40:15","271"
"70","90","Key arrive like clear lead member authority while amount property set court technology word","1","2009-05-27 01:16:55","389"
"48","74","Mean sit cell prevent off also hear play discussion add feel wide behavior he boy eight ten certain forget participant view piece either ball you","4","2004-12-27 18:36:28","12"
"43","99","Political note growth deal physical keep become those produce training choose cover contain strong while reach natural rich decide money me person discussion style firm fire","3","2012-11-11 13:41:17","186"
"64","99","Hour nothing you wish event market identify worry issue return finally course pass father recently debate here consider generation","1","2002-05-05 07:45:26","238"
"36","32","Writer check prove remember smile out movement show seat know seem lay buy technology play difficult them place management cut recently both off order already then","1","2009-12-04 15:34:18","110"
"91","22","Develop agreement thousand particular cultural left blood business enough show machine light film industry cause exist piece church author factor machine authority sea small tough","3","2009-10-12 05:33:34","388"
"30","50","Pick treatment message hear Mrs opportunity relationship wear probably news month admit role true simply nation feeling so book full student","5","2014-01-19 19:00:53","205"
"92","28","Response event would feeling already town station population across sign beautiful next hit whatever always wait fall my eat meeting social economy everything operation realize blue kitchen those","4","1989-11-23 18:37:12","350"
"0","76","Share new cost century unit not western result leader improve effort raise party friend performance own","3","1997-05-12 22:40:25","371"
"98","49","Response forget mention wide Congress it surface task operation activity them town must low senior evidence couple really but material computer","3","1994-03-29 22:13:08","257"
"12","94","Mind set practice girl step politics eye dog she traditional join itself perhaps energy difficult find offer day represent give impact east policy any opportunity remain interest","1","2016-06-19 21:48:54","53"
"13","29","Medical assume successful business glass the meeting full new surface character than area whole guess","3","2016-05-18 03:04:03","263"
"56","43","Easy land there these music other Congress sometimes western present family face fast capital significant value kitchen far fear certainly behind either soldier sport describe","4","2013-05-07 03:26:57","318"
"89","51","Information hard happy society community media forget answer five subject toward success management up finally fast wait address herself mission enter chair someone prevent education such","5","2011-01-08 11:38:18","399"
"6","55","Left pattern month somebody modern lot after shake check believe dark already try simple imagine bed none whole","4","1973-12-30 13:27:57","368"
"20","56","Girl heart card like deep job rate example every low green tree you sit from various movement","5","1980-05-24 02:50:13","461"
"43","55","Single book model include capital need citizen rather green pattern police subject nation hospital blood phone staff loss tell and another upon between","5","2005-01-02 05:38:31","115"
"3","9","Per democratic prepare each response material south truth drug activity another woman recent particular commercial scene thing performance","3","2014-04-19 08:05:41","234"
"37","94","Heavy identify machine mission few Republican there my enjoy everything bit defense dinner someone","3","2012-07-18 09:31:28","441"
"0","9","Vote together beyond just save everything may receive wife happy specific movement TV later tax method sea mind subject television certainly focus number","1","1984-09-26 16:48:19","280"
"48","24","Mean happen amount simple easy it detail fall beat general girl follow drop local I yeah model really hold western wall","4","1981-11-14 18:12:16","137"
"51","58","Soon weight audience fish recent expert bit everyone leave because daughter consumer","5","2020-03-19 04:47:46","329"
"68","45","Try check kind Mr community company unit management hospital heavy his mention use door discuss indeed sing try firm result people sport truth difference several pull trouble rule","4","2002-05-19 12:16:08","249"
"16","85","School theory also seek adult letter fly instead report board test half force score form out air fill recently travel of","4","1988-12-17 19:04:41","326"
"32","85","World professor fast simple discover offer either right reality still arm generation blue company doctor item national","3","1984-02-03 03:53:59","500"
"25","64","Wide single worker spend mouth officer close best off security meet only arm body help conference family nature tonight agency region court really","4","1993-01-03 17:55:03","452"
"52","32","Moment woman condition apply born point but ready soldier begin own buy sell","5","1995-06-29 23:06:38","296"
"6","12","Cause bed true to who possible age model glass consumer enter nearly top recognize growth resource","2","1995-11-11 07:09:18","497"
